城市,年度,gap,gap_to_gdp
上海,2006,219.5,0.020276387015722284
上海,2007,107.19999999999982,0.00813365908435635
上海,2008,235.17000000000007,0.015807516249806756
上海,2009,449.3499999999999,0.027769537864461662
上海,2010,429.30999999999995,0.023434463634577175
上海,2011,485.0500000000002,0.023769853132151672
上海,2012,440.3100000000004,0.02022098838571017
上海,2013,419.09999999999945,0.01760229153191594
上海,2014,337.8899999999994,0.013013537714956938
上海,2015,672.0600000000004,0.02415605141329041
上海,2016,512.8099999999995,0.01656154424991682
上海,2017,905.3599999999997,0.026335217273687168
上海,2018,1243.3900000000012,0.03292082681345336
上海,2019,1014.1799999999994,0.02520252875162767
上海,2020,1055.8099999999995,0.025377668920461772
上海,2021,659.0600000000004,0.014004853440545362
上海,2022,1785.0,0.03673255203778206
上海,2023,1326.0100000000002,0.02579560155239328
上海,2024,1500.67,0.027914508133446182
乌鲁木齐,2006,-7.509999999999998,-0.01147791532935962
乌鲁木齐,2007,-5.110000000000014,-0.006229580143365697
乌鲁木齐,2008,-1.6300000000000097,-0.001597491056990258
乌鲁木齐,2009,20.33999999999999,0.018575342465753413
乌鲁木齐,2010,11.620000000000005,0.008681359731042214
乌鲁木齐,2011,8.900000000000006,0.005266178706886863
乌鲁木齐,2012,43.59000000000003,0.021750411656105
乌鲁木齐,2013,51.30000000000001,0.02328801325555531
乌鲁木齐,2014,64.19,0.02607791279194953
乌鲁木齐,2015,77.99000000000001,0.029635512456111023
乌鲁木齐,2016,47.889999999999986,0.019475554904879254
乌鲁木齐,2017,57.80000000000001,0.02106552179078803
乌鲁木齐,2018,201.51,0.06500804898427948
乌鲁木齐,2019,147.82,0.04331087020216818
乌鲁木齐,2020,144.23000000000002,0.043221456397962245
乌鲁木齐,2021,41.65999999999997,0.011285171349859265
乌鲁木齐,2022,140.95,0.0362039648414423
乌鲁木齐,2023,134.26,0.03221209213051823
乌鲁木齐,2024,94.21999999999997,0.020927732466193998
兰州,2006,29.990000000000002,0.0469716666405626
兰州,2007,36.669999999999995,0.05004367050603198
兰州,2008,48.8,0.05766413007515243
兰州,2009,62.79,0.06780777537796977
兰州,2010,74.17,0.06740276263177027
兰州,2011,88.99,0.06543238016808453
兰州,2012,98.86999999999999,0.06322419746770687
兰州,2013,117.84,0.06634089220167992
兰州,2014,127.77000000000001,0.06385498815556688
兰州,2015,158.81,0.0757684912618858
兰州,2016,208.68000000000004,0.092163781947947
兰州,2017,195.16000000000003,0.07733580605023103
兰州,2018,212.32,0.07768922844994768
兰州,2019,223.43000000000004,0.07875572788156504
兰州,2020,239.11,0.08282299965361968
兰州,2021,207.85999999999996,0.06432725010754217
兰州,2022,277.82000000000005,0.08309256766861076
兰州,2023,247.59,0.07100372813306567
兰州,2024,295.73,0.07902465094528693
北京,2006,179.68999999999983,0.020848368121221948
北京,2007,156.8599999999999,0.01461828077238499
北京,2008,121.97000000000003,0.0100241625299977
北京,2009,292.55999999999995,0.021938105986187447
北京,2010,363.3900000000003,0.023565842206975288
北京,2011,238.94999999999982,0.01353571286954846
北京,2012,370.3800000000001,0.0189275511924899
北京,2013,512.5499999999997,0.023569851926791122
北京,2014,497.5100000000002,0.021101049729615108
北京,2015,1013.8400000000001,0.03894277121160325
北京,2016,1325.5100000000002,0.04660937384620254
北京,2017,1393.7399999999998,0.04449161875636453
北京,2018,1685.5100000000002,0.04793637340947744
北京,2019,1591.0899999999992,0.04212910742182326
北京,2020,1632.29,0.042393178819642836
北京,2021,1272.8099999999995,0.028698757855005662
北京,2022,1754.79,0.03880355752901217
北京,2023,1790.1499999999996,0.03780380413779704
北京,2024,2023.8099999999995,0.040744953714702166
南京,2006,16.019999999999982,0.005775512117038835
南京,2007,12.75,0.003882779643880587
南京,2008,18.110000000000014,0.004797350993377487
南京,2009,26.75999999999999,0.006326241134751771
南京,2010,23.379999999999995,0.004556883076383339
南京,2011,31.210000000000036,0.005078496205365866
南京,2012,36.639999999999986,0.0050877582759386785
南京,2013,19.600000000000023,0.002446397679417061
南京,2014,17.710000000000036,0.002007765779553897
南京,2015,25.539999999999964,0.0026273638816678062
南京,2016,31.24000000000001,0.0029743826061456617
南京,2017,82.17999999999984,0.0070148782340739586
南京,2018,62.700000000000045,0.004890643037658735
南京,2019,78.03999999999996,0.0055619699237402865
南京,2020,116.91999999999985,0.007890403563233894
南京,2021,88.21000000000004,0.005393127904133042
南京,2022,270.48,0.015997303027883502
南京,2023,218.72000000000003,0.0125549624016991
南京,2024,109.24000000000001,0.005904606338857596
南宁,2006,36.46,0.0419008216974085
南宁,2007,47.849999999999994,0.04476104058895613
南宁,2008,-25.089999999999975,-0.019062307686463387
南宁,2009,83.09000000000002,0.054485245901639355
南宁,2010,105.17999999999998,0.0584235960673221
南宁,2011,116.02000000000001,0.05246450212535046
南宁,2012,146.79,0.058640939597315436
南宁,2013,162.14999999999998,0.057837591045606616
南宁,2014,190.92999999999995,0.06064542769113488
南宁,2015,229.67000000000002,0.06735012858898153
南宁,2016,274.19,0.07403877051194466
南宁,2017,314.22,0.07628865478788881
南宁,2018,339.03000000000003,0.08419110434551555
南宁,2019,418.27000000000004,0.092804526292434
南宁,2020,447.61,0.09471223021582734
南宁,2021,386.0,0.0753767862931415
南宁,2022,446.24999999999994,0.0855155365201644
南宁,2023,415.6,0.07599195465350156
南宁,2024,415.83,0.0693586373462144
南昌,2006,25.260000000000005,0.021336261508573363
南昌,2007,29.64,0.021325428631042743
南昌,2008,46.01999999999998,0.027721555587682512
南昌,2009,65.87,0.03583786724700762
南昌,2010,85.56,0.038889141402663516
南昌,2011,112.34,0.04177963233626022
南昌,2012,105.48999999999998,0.035157473754374266
南昌,2013,127.45999999999998,0.038207090463814763
南昌,2014,130.95000000000005,0.03570104363188258
南昌,2015,153.83999999999997,0.03845990385024037
南昌,2016,181.07999999999998,0.041579888817195904
南昌,2017,236.04000000000002,0.04717790049948134
南昌,2018,290.65999999999997,0.05510486911977431
南昌,2019,357.11,0.06381522516082917
南昌,2020,354.30999999999995,0.06166202575704837
南昌,2021,385.18,0.05791718855489713
南昌,2022,481.35999999999996,0.06682307211772055
南昌,2023,425.36999999999995,0.05897268820185775
南昌,2024,413.86,0.053056457578294365
厦门,2006,22.960000000000008,0.019657197650725166
厦门,2007,12.129999999999995,0.008740137622941959
厦门,2008,17.860000000000014,0.011448571172164468
厦门,2009,27.49000000000001,0.015826137017846867
厦门,2010,17.779999999999973,0.008630648997621462
厦门,2011,18.30000000000001,0.007206682130184976
厦门,2012,38.06999999999999,0.013513897270242445
厦门,2013,26.139999999999986,0.008660905982452881
厦门,2014,4.4500000000000455,0.0013593680313296287
厦门,2015,45.069999999999936,0.013003349653638294
厦门,2016,110.69999999999993,0.029252669603384518
厦门,2017,100.23000000000002,0.023032378151067404
厦门,2018,137.96000000000004,0.028793194487635173
厦门,2019,144.60000000000002,0.02412010008340284
厦门,2020,192.9699999999999,0.030227130325814523
厦门,2021,179.03999999999996,0.025453909572085993
厦门,2022,204.93000000000006,0.026264120184654984
厦门,2023,152.5100000000001,0.01890776097198117
厦门,2024,125.85000000000002,0.014652445392425904
合肥,2006,23.489999999999995,0.021876396960214567
合肥,2007,-2.2399999999999807,-0.001678392938761122
合肥,2008,0.1699999999999875,0.00010211191465845817
合肥,2009,64.96000000000001,0.03090390104662227
合肥,2010,58.29000000000002,0.021576103050044426
合肥,2011,136.38,0.037502062365946214
合肥,2012,182.60000000000002,0.04384890617870951
合肥,2013,192.26999999999998,0.0411456672608717
合肥,2014,198.45,0.038474438587273674
合肥,2015,201.12,0.035531873921208705
合肥,2016,245.0,0.0390476827989379
合肥,2017,309.44000000000005,0.04289764259820198
合肥,2018,292.41999999999996,0.03737995196161019
合肥,2019,376.68000000000006,0.040034009990434695
合肥,2020,401.44999999999993,0.03996117857853872
合肥,2021,379.5,0.03325213795037151
合肥,2022,470.93000000000006,0.03920137183574598
合肥,2023,481.7099999999999,0.03800773236547261
合肥,2024,626.05,0.04634767306623116
呼和浩特,2006,29.979999999999997,0.0333081503866323
呼和浩特,2007,42.550000000000004,0.03864212218357505
呼和浩特,2008,50.93000000000001,0.03868973009108382
呼和浩特,2009,58.36999999999999,0.03550486618004865
呼和浩特,2010,50.519999999999996,0.02707830840971217
呼和浩特,2011,104.23999999999998,0.04787646915632879
呼和浩特,2012,96.68,0.03905315883018259
呼和浩特,2013,112.81999999999996,0.04162500599544714
呼和浩特,2014,99.37000000000003,0.0343359651699176
呼和浩特,2015,113.24999999999997,0.03664431875541979
呼和浩特,2016,150.32000000000005,0.04736591683235706
呼和浩特,2017,201.54000000000002,0.07345501727581533
呼和浩特,2018,152.02,0.05235749956948511
呼和浩特,2019,214.8,0.07696166248656396
呼和浩特,2020,221.47,0.07906818993216708
呼和浩特,2021,191.83,0.06145580711404709
呼和浩特,2022,190.11,0.05710552401549969
呼和浩特,2023,354.91,0.09334823776959496
呼和浩特,2024,326.49,0.07949443400177256
哈尔滨,2006,76.39,0.036479026589242056
哈尔滨,2007,100.32999999999998,0.04117284963887064
哈尔滨,2008,137.26,0.047855964911669026
哈尔滨,2009,155.05,0.04883464566929134
哈尔滨,2010,214.83000000000004,0.05861824333542526
哈尔滨,2011,256.82,0.06053948550159234
哈尔滨,2012,288.86,0.06348292382752407
哈尔滨,2013,307.5,0.061290997697850326
哈尔滨,2014,316.56000000000006,0.05928012179615624
哈尔滨,2015,417.11,0.072525607654737
哈尔滨,2016,500.04999999999995,0.08195377941231904
哈尔滨,2017,590.37,0.09289777421106049
哈尔滨,2018,577.8,0.0917072984915435
哈尔滨,2019,730.23,0.1391179272242332
哈尔滨,2020,822.6800000000001,0.158695987654321
哈尔滨,2021,626.27,0.11702350298785798
哈尔滨,2022,303.86190615835767,0.05534724434133397
哈尔滨,2023,767.6300000000001,0.13766678622668582
哈尔滨,2024,919.72,0.15287060383988246
大连,2006,70.38,0.027388730848708197
大连,2007,76.58999999999997,0.024464333627199197
大连,2008,70.93,0.018383982375429278
大连,2009,70.93,0.016305747126436784
大连,2010,110.64000000000004,0.021449342793997916
大连,2011,83.81000000000006,0.013626246417033711
大连,2012,140.85000000000002,0.020113383218141316
大连,2013,233.38,0.030504039452135007
大连,2014,208.60000000000002,0.0272480987723987
大连,2015,330.7800000000001,0.04278264378579449
大连,2016,258.38,0.03794014860062847
大连,2017,262.20000000000005,0.035606035915653624
大连,2018,297.5,0.0387951719245535
大连,2019,323.43999999999994,0.046192516423878886
大连,2020,299.30000000000007,0.042574679943101004
大连,2021,242.44999999999993,0.03098026437684881
大连,2022,321.31000000000006,0.038110770435122975
大连,2023,263.26,0.03007654518450817
大连,2024,310.3700000000001,0.03261261318059405
天津,2006,126.07,0.03509255393180236
天津,2007,133.89,0.03165397891153245
天津,2008,192.10000000000002,0.03639429361726314
天津,2009,302.28999999999996,0.05186322616065606
天津,2010,308.03,0.04405715429944504
天津,2011,341.1999999999998,0.041403747209008815
天津,2012,383.19000000000005,0.04168280213205701
天津,2013,470.1399999999999,0.046663093536604715
天津,2014,494.3499999999999,0.04598946898373831
天津,2015,565.2399999999998,0.05190831282371522
天津,2016,975.9299999999998,0.08495951945677721
天津,2017,972.1799999999998,0.07797276270832998
天津,2018,996.9200000000001,0.07433543855463012
天津,2019,1145.3000000000002,0.08124308373293988
天津,2020,1228.24,0.08630857014363212
天津,2021,1011.4900000000002,0.0628520120299257
天津,2022,883.1399999999999,0.053238086626277235
天津,2023,1252.91,0.07279366481135036
天津,2024,1492.98,0.08326111324889997
太原,2006,20.090000000000003,0.019819464312139302
太原,2007,67.38000000000001,0.05369180996701038
太原,2008,35.94000000000001,0.024480787962590858
太原,2009,42.379999999999995,0.02743042071197411
太原,2010,51.16,0.02877228502333952
太原,2011,64.59,0.031051093206161187
太原,2012,61.77000000000001,0.02672406333823657
太原,2013,71.78,0.02974880536456585
太原,2014,63.839999999999975,0.02522233504142483
太原,2015,145.75,0.05328405243955047
太原,2016,141.38,0.047834619028285286
太原,2017,167.20999999999998,0.04943852781342211
太原,2018,169.23000000000002,0.043565676744377634
太原,2019,223.92999999999995,0.05557954827500619
太原,2020,268.90000000000003,0.06474837466891405
太原,2021,205.55,0.040133864155997824
太原,2022,278.41999999999996,0.049975139871876094
太原,2023,328.02,0.058848223896663075
太原,2024,304.12,0.05612240190297978
宁波,2006,35.31999999999999,0.012287610804191423
宁波,2007,41.920000000000016,0.012203784570596803
宁波,2008,49.02000000000004,0.012366140689446409
宁波,2009,73.27999999999997,0.016927696927696922
宁波,2010,69.81000000000006,0.013521208599651377
宁波,2011,93.17000000000007,0.015376515866676361
宁波,2012,102.94000000000005,0.015639148005226224
宁波,2013,147.08000000000004,0.020631600800687912
宁波,2014,140.25,0.018429019694413348
宁波,2015,246.23000000000013,0.030764867353606704
宁波,2016,174.72000000000003,0.020113993108839132
宁波,2017,165.30999999999995,0.016796212190487797
宁波,2018,214.40999999999985,0.019953543170790258
宁波,2019,299.3800000000001,0.02497955778055904
宁波,2020,231.25,0.01863566766056894
宁波,2021,221.27999999999997,0.015161439733825192
宁波,2022,507.5799999999999,0.03232108403430907
宁波,2023,449.23000000000025,0.02730383516683889
宁波,2024,439.89999999999986,0.024239986334356412
广州,2006,79.71000000000004,0.013123515146126915
广州,2007,99.90000000000009,0.014052253565108787
广州,2008,91.50999999999999,0.01113826739144723
广州,2009,87.26999999999998,0.009550229809586341
广州,2010,104.67000000000007,0.009738284193779489
广州,2011,201.76999999999998,0.01624107332590651
广州,2012,241.25,0.017802851407993387
广州,2013,244.33000000000015,0.015844862627706374
广州,2014,193.12000000000012,0.011559316616457788
广州,2015,378.25,0.0208973166906164
广州,2016,550.1099999999999,0.02814230405618331
广州,2017,649.2700000000002,0.03019418085257277
广州,2018,871.9599999999998,0.038144566665281376
广州,2019,1166.29,0.04935841550636929
广州,2020,1229.8600000000001,0.049157040649106684
广州,2021,1136.9199999999998,0.04027065769763852
广州,2022,1167.35,0.04047817191996948
广州,2023,1026.5900000000001,0.033818355514560555
广州,2024,827.76,0.026673970837025697
成都,2006,65.47,0.023803118001221604
成都,2007,69.67000000000002,0.02095861523327628
成都,2008,151.74,0.03889781824613752
成都,2009,213.61,0.04743726404619143
成都,2010,250.43999999999994,0.04511375713796767
成都,2011,177.17999999999995,0.02584841084355277
成都,2012,202.95000000000005,0.024935802135423714
成都,2013,263.21000000000004,0.028895946707008215
成都,2014,314.8299999999999,0.0313058402500251
成都,2015,310.78,0.028772835510260008
成都,2016,420.48,0.03454988114439908
成都,2017,481.1300000000001,0.03464011018482454
成都,2018,413.26,0.026935162294683422
成都,2019,523.99,0.030799388702756714
成都,2020,639.0999999999999,0.03607269853812722
成都,2021,540.06,0.02711555667576108
成都,2022,712.5800000000002,0.034229854689564077
成都,2023,657.77,0.02979705549263873
成都,2024,660.8899999999999,0.028109414435757377
拉萨,2006,11.79,0.0014520392139977043
拉萨,2007,18.87,0.1547863177754081
拉萨,2008,24.990000000000002,0.17592397043294614
拉萨,2009,27.679999999999996,0.16981595092024537
拉萨,2010,36.33,0.00447434984262397
拉萨,2011,52.199999999999996,0.23469112489884003
拉萨,2012,72.54,0.27889273356401384
拉萨,2013,81.75999999999999,0.26817987994883064
拉萨,2014,104.7,0.3013383220607282
拉萨,2015,137.98000000000002,0.3662570010352242
拉萨,2016,177.32,0.41727262030827156
拉萨,2017,167.84000000000003,0.3502138758476787
拉萨,2018,190.02,0.35138133806723626
拉萨,2019,248.37,0.40189320388349514
拉萨,2020,242.40000000000003,0.35752212389380533
拉萨,2021,211.44,0.2850210287932708
拉萨,2022,282.86,0.37837259387080807
拉萨,2023,342.98,0.4107544910179641
拉萨,2024,344.71000000000004,0.3481778513999435
昆明,2006,29.960000000000008,0.02481591001333566
昆明,2007,31.55000000000001,0.022454716913988836
昆明,2008,58.5,0.03869866638441998
昆明,2009,303.86190615835767,0.16797230854525022
昆明,2010,92.47999999999999,0.04361441237502357
昆明,2011,124.04000000000002,0.04942659727922601
昆明,2012,147.14,0.048865862973664104
昆明,2013,135.01,0.03953081857869417
昆明,2014,115.68999999999994,0.03115817710255076
昆明,2015,113.26999999999998,0.028545794995476315
昆明,2016,158.39999999999998,0.03683652397164704
昆明,2017,215.03999999999996,0.044268410174488015
昆明,2018,161.16999999999996,0.030953158309166676
昆明,2019,190.83000000000004,0.029467263743051274
昆明,2020,224.57999999999993,0.03335016335016334
昆明,2021,239.03999999999996,0.03309657320872274
昆明,2022,358.07000000000005,0.04748076277917673
昆明,2023,279.78999999999996,0.03557406230133502
昆明,2024,295.63,0.03572472997696738
杭州,2006,-25.909999999999968,-0.0075286720073456034
杭州,2007,-55.89999999999998,-0.013633581046639524
杭州,2008,-35.68000000000001,-0.007462624133055578
杭州,2009,-30.389999999999986,-0.005972877358490563
杭州,2010,-54.75999999999999,-0.00920459893767229
杭州,2011,-37.639999999999986,-0.005362541422925575
杭州,2012,-73.71000000000004,-0.009447577544219436
杭州,2013,-89.46000000000004,-0.01072209331313403
杭州,2014,-66.13999999999999,-0.007184320063957175
杭州,2015,-28.40000000000009,-0.002825811599956627
杭州,2016,1.9299999999998363,0.000170589337547671
杭州,2017,-26.5,-0.0021026139061329674
杭州,2018,-107.98000000000002,-0.007993100972303959
杭州,2019,-13.120000000000118,-0.0008534443504846236
杭州,2020,-23.730000000000018,-0.001473363963740222
杭州,2021,5.449999999999818,0.00030094834621980266
杭州,2022,91.48000000000002,0.004878134620091538
杭州,2023,19.420000000000073,0.0009681439752729484
杭州,2024,50.01999999999998,0.002288164125685259
武汉,2006,79.21000000000001,0.030574040050023933
武汉,2007,85.55000000000001,0.027228746936567048
武汉,2008,100.56,0.025393426395426355
武汉,2009,187.57,0.04059078121618697
武汉,2010,193.35999999999996,0.03474011390790348
武汉,2011,91.77999999999997,0.013572505989175117
武汉,2012,56.969999999999914,0.007117869012219185
武汉,2013,144.36000000000013,0.0159491430484341
武汉,2014,74.07999999999993,0.007356884367415192
武汉,2015,92.41999999999985,0.008474545187793413
武汉,2016,202.58000000000015,0.017005509288056952
武汉,2017,325.3499999999999,0.024261129844582605
武汉,2018,400.6099999999999,0.026982028370160473
武汉,2019,672.98,0.04148307957837638
武汉,2020,1177.52,0.0754047131147541
武汉,2021,637.3199999999997,0.03597271735915595
武汉,2022,718.4100000000001,0.03807874621748789
武汉,2023,602.8799999999999,0.030125924445332793
武汉,2024,813.69,0.03855212418323879
沈阳,2006,93.13,0.03696177613379742
沈阳,2007,108.87,0.03379848811759775
沈阳,2008,115.69999999999999,0.029970444013293716
沈阳,2009,155.67000000000002,0.03646521433591005
沈阳,2010,51.26999999999998,0.01021823617339312
沈阳,2011,19.16999999999996,0.0032405239607756226
沈阳,2012,51.05000000000007,0.007731802623209049
沈阳,2013,80.27999999999997,0.011214530276298196
沈阳,2014,128.87,0.018154002628646613
沈阳,2015,202.34000000000003,0.027823346364497667
沈阳,2016,204.43999999999994,0.03685961290555219
沈阳,2017,198.77999999999997,0.0338927564846879
沈阳,2018,244.80000000000007,0.038904074756849545
沈阳,2019,317.3600000000001,0.04905100463678518
沈阳,2020,337.9699999999999,0.05142574558734022
沈阳,2021,259.48,0.03579528210787695
沈阳,2022,339.91999999999996,0.044169547025650346
沈阳,2023,283.2099999999999,0.03486949027333168
沈阳,2024,335.11,0.03712249948488669
济南,2006,18.539999999999992,0.008484776370767333
济南,2007,22.95999999999998,0.008958916189651195
济南,2008,35.29999999999998,0.011698736006256994
济南,2009,49.73000000000002,0.01484034616532379
济南,2010,70.67000000000002,0.018071857818693266
济南,2011,71.45999999999998,0.01621772511568689
济南,2012,84.85000000000002,0.017663467743614304
济南,2013,37.25000000000006,0.007122112198600827
济南,2014,28.279999999999973,0.0049007035663535805
济南,2015,43.8599999999999,0.007189892840106013
济南,2016,100.03999999999996,0.015305716541311966
济南,2017,156.8499999999999,0.021778793550644535
济南,2018,265.42999999999995,0.03378450619609599
济南,2019,323.1299999999999,0.034218998199724654
济南,2020,382.7199999999999,0.03773986786312986
济南,2021,285.4699999999999,0.024970653118991756
济南,2022,224.42999999999995,0.018659800157306693
济南,2023,304.47,0.023866896605785063
济南,2024,314.10000000000014,0.023219282131649865
海口,2006,11.120000000000001,0.03176053924368788
海口,2007,-1.6400000000000006,-0.004165714140567453
海口,2008,15.759999999999998,0.035561171533011415
海口,2009,28.17,0.05748979591836735
海口,2010,28.619999999999997,0.048092757519744574
海口,2011,38.50000000000001,0.05397448478900885
海口,2012,40.67999999999999,0.04968246213971665
海口,2013,45.269999999999996,0.05004200565970993
海口,2014,50.79999999999998,0.0465329302922048
海口,2015,59.43000000000001,0.051146338944541986
海口,2016,84.79,0.06741832118123196
海口,2017,72.96,0.05246731579628644
海口,2018,68.37,0.04526285823993221
海口,2019,80.52000000000001,0.048157894736842115
海口,2020,121.02999999999997,0.06753906249999998
海口,2021,65.94,0.03205545778927207
海口,2022,127.86000000000001,0.0598940401073652
海口,2023,102.67000000000002,0.04354113655640374
海口,2024,113.81,0.04606517366015955
深圳,2006,70.53999999999996,0.01213370120889781
深圳,2007,69.90000000000009,0.010277038977765442
深圳,2008,89.5,0.011464746225600586
深圳,2009,120.01999999999998,0.014634800634069014
深圳,2010,158.45000000000005,0.0165370766581433
深圳,2011,250.99,0.021814727352846848
深圳,2012,83.63000000000011,0.0064578651902302
深圳,2013,-40.430000000000064,-0.0027882316349464847
深圳,2014,83.69999999999982,0.005230655012992261
深圳,2015,794.8200000000002,0.04541086428160884
深圳,2016,1074.5500000000002,0.05512604783353684
深圳,2017,1261.67,0.05609900551621472
深圳,2018,744.1300000000001,0.030721270515457453
深圳,2019,779.3499999999995,0.028943068295762597
深圳,2020,320.3300000000004,0.011576797976147466
深圳,2021,312.52000000000044,0.010191473299233502
深圳,2022,984.94,0.030410946384551163
深圳,2023,899.29,0.025986534127029993
深圳,2024,786.69,0.02137635940782357
石家庄,2006,50.879999999999995,0.025105717373176156
石家庄,2007,67.29999999999998,0.02850825171981429
石家庄,2008,83.74999999999999,0.029506371614694344
石家庄,2009,114.96,0.038307230923025654
石家庄,2010,141.53000000000003,0.04161423110849751
石家庄,2011,182.31000000000003,0.04465449165744071
石家庄,2012,191.81,0.04262255010888405
石家庄,2013,207.82000000000005,0.042729138138767934
石家庄,2014,223.01999999999998,0.04313507805201662
石家庄,2015,307.34,0.05649009300444803
石家庄,2016,335.4,0.05658152446214656
石家庄,2017,345.84000000000003,0.05352831193273982
石家庄,2018,471.93000000000006,0.07758663207630924
石家庄,2019,482.2600000000001,0.08300516351118763
石家庄,2020,510.03999999999996,0.08593765796124683
石家庄,2021,471.38,0.07262838389596783
石家庄,2022,558.2700000000001,0.07862249036706552
石家庄,2023,536.9399999999999,0.07126891425537563
石家庄,2024,528.61,0.06443760178656759
福州,2006,-5.560000000000002,-0.003341245755836665
福州,2007,-3.469999999999999,-0.0017573357372200665
福州,2008,9.339999999999975,0.0040890305407677114
福州,2009,9.830000000000013,0.0037749615975422473
福州,2010,14.600000000000023,0.004674393289364162
福州,2011,43.25999999999999,0.011578051482986204
福州,2012,28.710000000000036,0.006806059312993394
福州,2013,79.87,0.017071711018488832
福州,2014,63.93999999999994,0.012369514582640108
福州,2015,165.4699999999999,0.029453122775040568
福州,2016,231.01999999999998,0.037275479053317066
福州,2017,304.70000000000005,0.04289495171326408
福州,2018,244.38,0.03110422677906173
福州,2019,281.67999999999995,0.02999148211243611
福州,2020,275.78999999999996,0.02752395209580838
福州,2021,175.40999999999997,0.015489452937353413
福州,2022,307.57000000000005,0.024988970794338428
福州,2023,250.81999999999994,0.01940129950495049
福州,2024,274.98,0.019314787915227904
西宁,2006,20.150000000000002,0.07155285678775612
西宁,2007,26.639999999999997,0.07779010687379548
西宁,2008,43.8,0.10374475946848574
西宁,2009,56.970000000000006,0.11371257485029941
西宁,2010,74.4,0.11841477001432439
西宁,2011,104.78999999999999,0.13596730245231606
西宁,2012,130.54999999999998,0.15338973093643518
西宁,2013,140.45999999999998,0.14354184337731085
西宁,2014,164.26,0.15412186379928314
西宁,2015,185.23999999999995,0.1636945264311341
西宁,2016,212.59,0.17032135045706914
西宁,2017,209.21,0.16282074230879984
西宁,2018,204.54000000000002,0.15900062965928438
西宁,2019,226.25,0.17036897590361447
西宁,2020,196.0,0.14275309541150766
西宁,2021,189.93,0.12263121533584283
西宁,2022,207.32000000000002,0.12608021406634842
西宁,2023,274.65999999999997,0.15250416435313713
西宁,2024,266.52,0.143129494277935
西安,2006,33.33,0.022616850333858095
西安,2007,48.33,0.027402153390825124
西安,2008,81.38,0.03715913864586948
西安,2009,95.45000000000002,0.03504038179148312
西安,2010,129.76,0.04003084991516273
西安,2011,176.02999999999997,0.045553942461719205
西安,2012,200.53000000000003,0.04592886099722865
西安,2013,227.82999999999993,0.046646997520541
西安,2014,235.75,0.04292107256255644
西安,2015,266.25,0.04589567675653313
西安,2016,301.44999999999993,0.04817665465912758
西安,2017,390.5899999999999,0.052288867915687716
西安,2018,467.16999999999985,0.05594944106847298
西安,2019,544.46,0.05841218753352645
西安,2020,623.4399999999999,0.062219560878243506
西安,2021,618.6199999999999,0.05787834899534816
西安,2022,735.7299999999999,0.06405165711778424
西安,2023,778.5500000000001,0.0648197485638165
西安,2024,559.4899999999999,0.0420107555463448
贵阳,2006,26.650000000000006,0.044204485138004256
贵阳,2007,30.510000000000005,0.0439802802283342
贵阳,2008,53.290000000000006,0.06570495037297332
贵阳,2009,64.48,0.06633744855967079
贵阳,2010,68.07999999999998,0.06068817971117845
贵阳,2011,90.28999999999999,0.06528230675236972
贵阳,2012,108.13999999999999,0.0636005410809857
贵阳,2013,116.39000000000004,0.05581129940251846
贵阳,2014,117.02999999999997,0.04686317458664861
贵阳,2015,129.41999999999996,0.04476403934752832
贵阳,2016,158.94,0.05033410393640941
贵阳,2017,204.63,0.057838415358002916
贵阳,2018,212.88000000000005,0.05604391264858036
贵阳,2019,301.56000000000006,0.07464356435643565
贵阳,2020,280.03,0.06494202226345083
贵阳,2021,229.68999999999994,0.04875579225774405
贵阳,2022,325.29,0.06610013472405953
贵阳,2023,332.41,0.06448302618816683
贵阳,2024,258.96,0.044822853146998395
郑州,2006,11.629999999999995,0.005776069292965411
郑州,2007,21.159999999999997,0.008509098220569014
郑州,2008,29.110000000000014,0.009690445041428238
郑州,2009,51.129999999999995,0.015456469165659008
郑州,2010,40.0,0.00989878492415056
郑州,2011,64.26000000000005,0.012904003132624485
郑州,2012,94.05000000000007,0.01694655663267146
郑州,2013,92.54999999999995,0.014922846224544085
郑州,2014,84.63,0.012487844898693963
郑州,2015,163.12,0.022309998468170777
郑州,2016,310.35,0.038248847358321514
郑州,2017,458.28,0.05019386212788328
郑州,2018,611.28,0.06026429216469558
郑州,2019,688.1400000000001,0.05937359792924936
郑州,2020,460.97,0.038401366211262916
郑州,2021,400.80999999999995,0.03158217385206232
郑州,2022,325.6200000000001,0.025174143969322837
郑州,2023,353.77,0.025978117197826407
郑州,2024,370.6700000000001,0.025507033753622167
重庆,2006,276.53,0.07002532286654849
重庆,2007,325.69,0.06732609819121448
重庆,2008,438.43999999999994,0.07333244129256705
重庆,2009,636.92,0.09444106700671698
重庆,2010,756.9699999999999,0.09246564465888962
重庆,2011,1081.9099999999999,0.10489621004256308
重庆,2012,1342.8700000000001,0.11382376375256406
重庆,2013,1369.0400000000002,0.10312297563988612
重庆,2014,1382.37,0.09270371587411226
重庆,2015,1637.17,0.10040353491680926
重庆,2016,1773.9,0.0970877506006754
重庆,2017,2083.8999999999996,0.10285378662244332
重庆,2018,2275.41,0.104057749647868
重庆,2019,2712.7500000000005,0.1145122754288802
重庆,2020,2799.1,0.11126038929807895
重庆,2021,2549.6100000000006,0.09075767553617516
重庆,2022,2789.3500000000004,0.09694735817710398
重庆,2023,2863.7900000000004,0.09354419339981644
重庆,2024,3025.66,0.09441408943822609
银川,2006,12.509999999999998,0.03731098452086253
银川,2007,20.83,0.050978952520802735
银川,2008,27.229999999999997,0.05296531870611347
银川,2009,28.439999999999998,0.04920415224913494
银川,2010,55.879999999999995,0.07262802183519625
银川,2011,50.629999999999995,0.05131349576357076
银川,2012,73.61000000000001,0.06395864106351552
银川,2013,85.93,0.06666304634528557
银川,2014,110.29999999999998,0.07943137791476429
银川,2015,137.98999999999998,0.09237144042949137
银川,2016,157.87,0.0975885665539559
银川,2017,164.36999999999998,0.09115158102547607
银川,2018,190.02999999999997,0.0999379430759198
银川,2019,191.76000000000002,0.10108592514496574
银川,2020,175.10000000000002,0.08915478615071284
银川,2021,120.5,0.05324907753154069
银川,2022,187.69,0.07402105196736117
银川,2023,240.39,0.08949739389426656
银川,2024,236.01999999999998,0.0802917473201498
长春,2006,75.07999999999998,0.04311993521671959
长春,2007,88.26,0.042248060160165433
长春,2008,121.30000000000001,0.047347671649947305
长春,2009,163.35999999999999,0.05733941733941733
长春,2010,202.08,0.060702913787924306
长春,2011,230.04999999999995,0.057468249447925085
长春,2012,214.70999999999998,0.04817798321590449
长春,2013,251.15000000000003,0.05019807402492015
长春,2014,278.52000000000004,0.052133579663186984
长春,2015,377.5,0.06826364413936271
长春,2016,355.08000000000004,0.059314247914446366
长春,2017,425.65000000000003,0.0651834677635478
长春,2018,416.33000000000004,0.05801934582083167
长春,2019,476.0,0.08062330623306233
长春,2020,643.71,0.09697348598975596
长春,2021,349.4,0.04918979037321732
长春,2022,516.98,0.07665140498416502
长春,2023,498.45000000000005,0.07118680377035133
长春,2024,628.73,0.08237871436638763
长沙,2006,34.359999999999985,0.019099924400764877
长沙,2007,43.589999999999975,0.01990183768976143
长沙,2008,54.99000000000001,0.018324014155375913
长沙,2009,67.74999999999997,0.018090787716955933
长沙,2010,89.05000000000001,0.019583910624353985
长沙,2011,95.11000000000001,0.01692550535384112
长沙,2012,133.97000000000003,0.02093313958030595
长沙,2013,165.19000000000005,0.02309338709068618
长沙,2014,169.58000000000004,0.021672091718520966
长沙,2015,206.04999999999995,0.024212321080876554
长沙,2016,297.73,0.03181926512064346
长沙,2017,382.2499999999999,0.03628205943518632
长沙,2018,421.0799999999999,0.03826813687756795
长沙,2019,475.75,0.041105063072403664
长沙,2020,401.1400000000001,0.03303467018035083
长沙,2021,353.28,0.026621052393619022
长沙,2022,364.26,0.026081707791217452
长沙,2023,399.76,0.02789282723974323
长沙,2024,399.4000000000001,0.026157951060923012
青岛,2006,10.799999999999983,0.00336807439702112
青岛,2007,28.379999999999995,0.007495008609488395
青岛,2008,26.970000000000027,0.006079554932396798
青岛,2009,56.56999999999999,0.011654305727235269
青岛,2010,79.77999999999997,0.014079983057428254
青岛,2011,91.91999999999996,0.013894431344095766
青岛,2012,95.80000000000007,0.013119513564591017
青岛,2013,225.30000000000007,0.02813928508980092
青岛,2014,179.46000000000004,0.020646334027450218
青岛,2015,216.54999999999984,0.02328477097484211
青岛,2016,252.81999999999994,0.02525348881113222
青岛,2017,245.78999999999996,0.02226907353985764
青岛,2018,327.8699999999999,0.027319039588318803
青岛,2019,334.23,0.028466910825313007
青岛,2020,330.8000000000002,0.02667526812353844
青岛,2021,338.46000000000004,0.02394312393887946
青岛,2022,422.8600000000001,0.02834039843841631
青岛,2023,380.94000000000005,0.02417131979695432
青岛,2024,381.1600000000001,0.02279738699694847
