城市,年度,income_growth,expend_growth
上海,2006,,
上海,2007,0.31623595398681537,0.21503478004199228
上海,2008,0.13703193089352506,0.1889553005023652
上海,2009,0.07696873343932165,0.15256060325684673
上海,2010,0.131197102704405,0.10477480641546655
上海,2011,0.193573869528602,0.18528924669002
上海,2012,0.09151473979759928,0.06874795651463139
上海,2013,0.09771055984571464,0.08235859293215597
上海,2014,0.11583862796294442,0.08718569274015642
上海,2015,0.20367240570923872,0.2575678793688967
上海,2016,0.1606359271673159,0.11747927824328586
上海,2017,0.0368600075240435,0.09086362939987924
上海,2018,0.0701402835781797,0.10651304649677651
上海,2019,0.008011929967713272,-0.020626136018027985
上海,2020,-0.01658036873176927,-0.00943481577840588
上海,2021,0.10296183812781168,0.04057584999463115
上海,2022,-0.021076198564039195,0.11412121657814267
上海,2023,0.09259989484752884,0.026137549238794966
上海,2024,0.0074189473684209695,0.024519349982518035
乌鲁木齐,2006,,
乌鲁木齐,2007,0.28734221598877996,0.37936604078336345
乌鲁木齐,2008,0.37518725316628077,0.4541861826697893
乌鲁木齐,2009,0.12438106555753614,0.3475591343734272
乌鲁木齐,2010,0.3034172978685925,0.19218703316402763
乌鲁木齐,2011,0.5513886073383336,0.4942046237704403
乌鲁木齐,2012,0.09765233677424967,0.23946496708457388
乌鲁木齐,2013,0.19796833458989727,0.19485791610284164
乌鲁木齐,2014,0.128254388870487,0.14612117780294454
乌鲁木齐,2015,0.08234983265809404,0.103381833452731
乌鲁木齐,2016,0.00271245287113131,-0.06515022612277799
乌鲁木齐,2017,0.08415613925933929,0.09823737905929675
乌鲁木齐,2018,0.14347023304556106,0.4387674996729032
乌鲁木齐,2019,0.030941782316487698,-0.05988268994680124
乌鲁木齐,2020,-0.1689455191973923,-0.13447152898690906
乌鲁木齐,2021,-0.03746434392828035,-0.21845139419226256
乌鲁木齐,2022,-0.16698859577170377,0.08622703114945551
乌鲁木齐,2023,0.17460771234356143,0.10593062290190236
乌鲁木齐,2024,0.00408339868574048,-0.07644082928280926
兰州,2006,,
兰州,2007,0.4070609535304768,0.3194994455884681
兰州,2008,0.0907141325327041,0.1963985594237696
兰州,2009,0.1215100275265435,0.2023881196066626
兰州,2010,0.2755960729312763,0.22615371776683646
兰州,2011,0.18870258383727312,0.19431021574899598
兰州,2012,0.19932940224303408,0.1545475267836791
兰州,2013,0.20023136990263168,0.19615004935834168
兰州,2014,0.22353413654618493,0.15581414541553196
兰州,2015,0.21571587999737396,0.2281328097108175
兰州,2016,0.16356174739456764,0.23302325581395356
兰州,2017,0.0868758121403379,0.012259524707657565
兰州,2018,0.08163962425277549,0.08449785727594561
兰州,2019,-0.07930680562134851,-0.019285284769349653
兰州,2020,0.05959782189255236,0.06477466824333189
兰州,2021,0.11977501719742656,-0.0033933859822310453
兰州,2022,-0.20145990676833025,0.029323758228605667
兰州,2023,0.15544393157751846,0.008259823576583836
兰州,2024,-0.013394430736693774,0.08892070309393141
北京,2006,,
北京,2007,0.3361142192185471,0.27193794145769723
北京,2008,0.23091971272376455,0.18780842679599874
北京,2009,0.10313391243768089,0.1837808593929433
北京,2010,0.1613964801831449,0.1715767643799826
北京,2011,0.2771322851571629,0.1942759778016574
北京,2012,0.10266841411977579,0.13560826197218678
北京,2013,0.10443056112798765,0.1325125973120307
北京,2014,0.09998333838644546,0.08410124447127942
北京,2015,0.17300032777441166,0.26809247967255057
北京,2016,0.07565846574623314,0.11660944280809393
北京,2017,0.06878805650566977,0.06520602425247035
北京,2018,0.06539195954916321,0.09479041047515357
北京,2019,0.005388944195564349,-0.008464243123471715
北京,2020,-0.05728111945814929,-0.03941718557434393
北京,2021,0.08177042209088814,0.012498278570806098
北京,2022,-0.03673948259615578,0.03664477482678974
北京,2023,0.08167843818030374,0.06722317800552946
北京,2024,0.030994483182605004,0.05334671475615482
南京,2006,,
南京,2007,0.33983931180003246,0.3066372018593311
南京,2008,0.17071988854901732,0.18000233276958078
南京,2009,0.12404283940397343,0.1398670521659624
南京,2010,0.19398863087155638,0.17540702842153189
南京,2011,0.2239784117193524,0.2287616658674243
南京,2012,0.1543622047244093,0.1552813677368996
南京,2013,0.134089110801888,0.10556609411948137
南京,2014,0.0868268155080536,0.08260568097683674
南京,2015,0.12898869937686075,0.13500868432479352
南京,2016,0.12016313245688837,0.12267949539485645
南京,2017,0.1131717136355681,0.1535558508825734
南京,2018,0.1557578759503424,0.13191885325199948
南京,2019,0.07483571652086374,0.081782713085234
南京,2020,0.036499306975184,0.05823035215642269
南京,2021,0.0560664346339379,0.03596790188188903
南京,2022,-0.09905060363569085,0.006029498330335059
南京,2023,0.03964164008702298,0.005473863804144052
南京,2024,-0.014790306053161117,-0.0725730135421766
南宁,2006,,
南宁,2007,0.23896149770399178,0.2677266867211001
南宁,2008,1.7251603706343546,0.4074576271186441
南宁,2009,-0.36988021133022964,0.22561416184971095
南宁,2010,0.2958658475842604,0.28361581920903944
南宁,2011,0.19340166559897498,0.1570345988977344
南宁,2012,0.23313113962102094,0.24544341900697964
南宁,2013,0.1154884206860527,0.11125866510849636
南宁,2014,0.0725853658536586,0.11324091778202683
南宁,2015,0.08077132981626334,0.13083429945467828
南宁,2016,0.05298771250631207,0.11440613608748484
南宁,2017,0.061894561846606244,0.10117891580633076
南宁,2018,0.0807165437302424,0.07986137970512242
南宁,2019,0.03334633385335417,0.13067522457341796
南宁,2020,0.0035586229207666964,0.03884946781550935
南宁,2021,0.05305574210879782,-0.05105749762154521
南宁,2022,0.0017346938775510967,0.07831619537275047
南宁,2023,0.020882143220943172,-0.026760277973132407
南宁,2024,-0.04919177808820585,-0.023870762296688275
南昌,2006,,
南昌,2007,0.28057553956834536,0.25157973653207666
南昌,2008,0.17117633570282043,0.2679274345370528
南昌,2009,0.13441018110621616,0.2266315718431533
南昌,2010,0.2639799792889197,0.27664374140302606
南昌,2011,0.27691677476616383,0.29022109210015956
南昌,2012,0.28332353098433405,0.15412365968533925
南昌,2013,0.216190317473544,0.21377094729530266
南昌,2014,0.17231338426227238,0.1282638243078904
南昌,2015,0.13772245112650117,0.1479837687040324
南昌,2016,0.0329788873478194,0.07378769468684432
南昌,2017,0.037048087920831474,0.11977505743579187
南昌,2018,0.10710175505898145,0.15202413032827033
南昌,2019,0.03302652950730911,0.10858441541181008
南昌,2020,0.014381551362683487,0.0048674635239955855
南昌,2021,0.002004712106807638,0.03798752043141618
南昌,2022,-0.05599900996225482,0.07934391558717713
南昌,2023,0.09285963992309032,-0.014365735218947018
南昌,2024,0.0520412651445481,0.015687969315542283
厦门,2006,,
厦门,2007,0.36983182786223123,0.24841324703072964
厦门,2008,0.1806679890634213,0.19847981475888465
厦门,2009,0.09231258230032235,0.12583476836490415
厦门,2010,0.20207016960425683,0.14512217869800392
厦门,2011,0.2821869488536153,0.26753542922300055
厦门,2012,0.14062626426086267,0.18482535276428402
厦门,2013,0.16005769549076643,0.12095969456375544
厦门,2014,0.10843864655523827,0.06097844176955536
厦门,2015,0.11456417800662022,0.1877245782033743
厦门,2016,0.0690315129516581,0.1650413870417864
厦门,2017,0.07551625150476893,0.05069598228408734
厦门,2018,0.0827557507139065,0.11968385397064352
厦门,2019,0.018342301269647754,0.02294677871148454
厦门,2020,0.020250396939014648,0.07002343972485692
厦门,2021,0.1237594713881165,0.08505389442220879
厦门,2022,0.003235107155829864,0.027113207547169837
厦门,2023,0.05468369898507608,-0.003756636111468259
厦门,2024,0.0012980882700024399,-0.023463790162725373
合肥,2006,,
合肥,2007,1.1324937027707804,0.6238701525901449
合肥,2008,0.3115993385305931,0.33020110126885305
合肥,2009,-0.18542867435158505,0.10623172103487066
合肥,2010,0.4341072415699281,0.2922801594403319
合肥,2011,0.3048221100104074,0.49468085106382964
合肥,2012,0.15063070514903543,0.20470003579776375
合肥,2013,0.1261103979460847,0.10276175493794781
合肥,2014,0.1407140577265058,0.10762573507267503
合肥,2015,0.14230323380101528,0.10571130096309345
合肥,2016,0.07577772334394806,0.11284394170786638
合肥,2017,0.06676425144344145,0.12268418910275058
合肥,2018,0.08627839609696597,0.040990739014233224
合肥,2019,0.047018203764263466,0.1171846234986218
合肥,2020,0.022667864180484942,0.03712578050540216
合肥,2021,0.10659326255079304,0.050989822647829364
合肥,2022,0.0770296842055389,0.1278560455006048
合肥,2023,0.02241407753643121,0.02257676534944708
合肥,2024,0.02730118434215756,0.12025450989839448
呼和浩特,2006,,
呼和浩特,2007,0.27328646748681895,0.3312582781456954
呼和浩特,2008,0.4190821256038648,0.32504228434981597
呼和浩特,2009,0.2983586626139818,0.24012614506682683
呼和浩特,2010,0.18700252832662234,0.07338338580770176
呼和浩特,2011,0.19461975386557273,0.442181859205776
呼和浩特,2012,0.17968698408505568,0.07685688582938943
呼和浩特,2013,0.01892073443797604,0.07089931715821574
呼和浩特,2014,0.16217998022195346,0.05450413783747132
呼和浩特,2015,0.16951876713623903,0.15998198835675903
呼和浩特,2016,0.08993532740501209,0.1644807985581591
呼和浩特,2017,-0.2527350268867049,-0.0403124032669
呼和浩特,2018,0.015980148883374623,-0.11487693529178244
呼和浩特,2019,-0.007815552950371174,0.17149744912261022
呼和浩特,2020,0.06882630957069713,0.04941137059724343
呼和浩特,2021,0.05444495624136336,-0.040632054176072185
呼和浩特,2022,0.008518259654027638,0.000546642899584171
呼和浩特,2023,0.03114306752717977,0.40854672430994343
呼和浩特,2024,0.07166260606569774,-0.019157798876840326
哈尔滨,2006,,
哈尔滨,2007,0.11632428776735138,0.193651119786316
哈尔滨,2008,0.24202953426732288,0.29645408382821237
哈尔滨,2009,0.17895250289616493,0.15647093968865144
哈尔滨,2010,0.23158874637980942,0.30010619672225247
哈尔滨,2011,0.2611069119005627,0.22997107976245657
哈尔滨,2012,0.18114011720831136,0.15514951358724938
哈尔滨,2013,0.13407758231844813,0.10286211504397258
哈尔滨,2014,0.05279904544098635,0.04268928400349403
哈尔滨,2015,-0.03728277295050997,0.11452815911793324
哈尔滨,2016,-0.07723248227994017,0.062375733475583006
哈尔滨,2017,-0.021635126514990444,0.09378173892204633
哈尔滨,2018,0.04419994566693819,0.0038603190501527163
哈尔滨,2019,-0.035018341702005795,0.14443393579097275
哈尔滨,2020,-0.08449489094389484,0.05549703035036413
哈尔滨,2021,0.0772741997231794,-0.1464142826414282
哈尔滨,2022,1.4527231217333871,0.21068114599593568
哈尔滨,2023,-0.651070767936464,-0.10023586541051466
哈尔滨,2024,0.07911968569329542,0.16365318774868132
大连,2006,,
大连,2007,0.3662689915366577,0.29284856671169157
大连,2008,0.26528099111874015,0.1898888469686857
大连,2009,0.18037573362432546,0.1491707317073172
大连,2010,0.25135547060440233,0.29779692673401814
大连,2011,0.3001018309606054,0.20192323417338542
大连,2012,0.1520126549229801,0.2122894385936267
大连,2013,0.13338043753582807,0.21614887312561715
大连,2014,-0.08151406794015237,-0.08682651309596312
大连,2015,-0.2573444663576058,-0.07960907970003839
大连,2016,0.055163732303288526,-0.044372947984495315
大连,2017,0.07475077627063254,0.056947189410304855
大连,2018,0.07047928958092586,0.08876543746738563
大连,2019,-0.015838293157573236,0.014767995686427282
大连,2020,0.014202413255585578,-0.014070925335537443
大连,2021,0.04969545169920875,-0.021886664404479172
大连,2022,-0.0919604121475055,0.011254527830212746
大连,2023,0.12014572166564652,0.022621786334100058
大连,2024,0.03269620388142447,0.07068574247656656
天津,2006,,
天津,2007,0.2958638052991249,0.24158565326263082
天津,2008,0.2501295240914809,0.28678836771313754
天津,2009,0.21664545158521054,0.2956714147420827
天津,2010,0.3002712928381124,0.22464154836873362
天津,2011,0.36144871399032596,0.3046759245809245
天津,2012,0.20952767106718984,0.1931048304042131
天津,2013,0.18127634913239632,0.18943547295878616
天津,2014,0.1497207886218357,0.1316054777754676
天津,2015,0.11578220762649827,0.12051513155614102
天津,2016,0.02114273502030284,0.14450167834547623
天津,2017,-0.15169451073985674,-0.11269033337568213
天津,2018,-0.0883498675531087,-0.05464670651385817
天津,2019,0.14441374202370105,0.14583521313757597
天津,2020,-0.20216477694666057,-0.11372131023058685
天津,2021,0.11333205068872809,0.00038078918558714925
天津,2022,-0.13748797324689632,-0.13408827774341414
天津,2023,0.09791573030665668,0.2016938783733786
天津,2024,0.052621195456495906,0.1057059766737185
太原,2006,,
太原,2007,0.1737687508296828,0.6327813875497801
太原,2008,0.3223252657769735,-0.01887034659820286
太原,2009,0.005217242559014679,0.046120633259191246
太原,2010,0.17825236109929365,0.18591707835657556
太原,2011,0.2616984402079723,0.2619173170217255
太原,2012,0.234375,0.159333082612511
太原,2013,0.14679834932999491,0.15019463667820077
太原,2014,0.046577447135406125,0.01121870201497921
太原,2015,0.0594552829824222,0.30152778208187425
太原,2016,0.030812427071178483,0.009714517012309853
太原,2017,0.1031518624641834,0.12967198811516978
太原,2018,0.1968253968253968,0.13234250407047132
太原,2019,0.03587600139324265,0.12552077572539888
太原,2020,-0.02115772593244014,0.0602571451969538
太原,2021,0.1189092062149879,-0.02834677294775545
太原,2022,0.03315699981107123,0.13817389783621348
太原,2023,0.026881228856176165,0.08571029473390146
太原,2024,-0.019989315288042042,-0.04230244705761266
宁波,2006,,
宁波,2007,0.2787318361955087,0.2676460539801846
宁波,2008,0.18616310160427796,0.18426584734799478
宁波,2009,0.10863495478880103,0.15172617828451784
宁波,2010,0.22673290203327157,0.1870455263989883
宁波,2011,0.23848718286779813,0.24965875420314942
宁波,2012,0.1033381491901757,0.10352728047740833
宁波,2013,0.09277739490006875,0.13452995992467764
宁波,2014,0.08551859840314835,0.06486929321516355
宁波,2015,0.16941471746784242,0.2515636552564795
宁波,2016,0.10744130125893037,0.029234257248690776
宁波,2017,0.11731297216788983,0.09411600452973024
宁波,2018,0.10792666768383286,0.1300864880192827
宁波,2019,0.06437678029122473,0.10902076406749894
宁波,2020,0.028825135681745495,-0.014593668158086825
宁波,2021,0.14051785761563118,0.11614210517252266
宁波,2022,-0.024902213401116646,0.12517357361063963
宁波,2023,0.06286639329139465,0.02161065174763821
宁波,2024,0.0025813893586283942,-0.0021117717854762796
广州,2006,,
广州,2007,0.22644469420249136,0.23066753487637892
广州,2008,0.18719334084270423,0.14375731533293767
广州,2009,0.1299530425833011,0.1073386135837946
广州,2010,0.24194122251476546,0.23723921409763027
广州,2011,0.12242021428980698,0.208662464699382
广州,2012,0.125495160697513,0.13748148148148154
广州,2013,0.03574020319303317,0.03161537602798359
广州,2014,0.08871956559817828,0.036136581705900506
广州,2015,0.08556833722146262,0.2029633343081143
广州,2016,0.03273136861138082,0.12503762183687162
广州,2017,0.10268074969145546,0.12463536977491962
广州,2018,0.0634329815063055,0.14646319092776316
广州,2019,0.03966418230103663,0.14330574819047315
广州,2020,0.013978481966286926,0.030474674819305436
广州,2021,0.0937258748889882,0.023209659119773685
广州,2022,-0.015475571311814762,0.00042036555253255337
广州,2023,0.04849334267694472,-0.016807556783404065
广州,2024,0.004976710230018666,-0.06365150673868059
成都,2006,,
成都,2007,0.5333297638807089,0.4115524896923566
成都,2008,0.23852922690131995,0.4223564106164863
成都,2009,0.09210860187769598,0.18667930414864853
成都,2010,0.3603366377529946,0.29354210692713445
成都,2011,0.29177895016510424,0.10354009622063853
成都,2012,0.14721826382053482,0.146852087146071
成都,2013,0.15064668971699313,0.18082024698887023
成都,2014,0.14092861753511254,0.15343232192812573
成都,2015,0.12921759317966774,0.09583582089552234
成都,2016,0.01535019522476766,0.08680758910938291
成都,2017,0.08517878867799311,0.10074002594163756
成都,2018,0.1165241115457889,0.045973609008003846
成都,2019,0.0412874957869902,0.09226524147990123
成都,2020,0.025233317149484957,0.07600089688333034
成都,2021,0.11658269643115537,0.03621705225332028
成都,2022,0.014608601403132582,0.0881802215677776
成都,2023,0.1199642365727489,0.062348819922710685
成都,2024,0.010595834240511026,0.009107672324814464
拉萨,2006,,
拉萨,2007,0.47435897435897445,0.5691523263224985
拉萨,2008,0.39652173913043476,0.3411860276198213
拉萨,2009,0.25155666251556674,0.14264082374318576
拉萨,2010,0.4945273631840794,0.36098595282268775
拉萨,2011,0.5599201065246338,0.47283349561830557
拉萨,2012,0.4664959453691848,0.41346026708977934
拉萨,2013,0.459837019790454,0.23405051449953218
拉萨,2014,0.29166666666666696,0.2847938144329898
拉萨,2015,-0.03657971909245261,0.18237064133577197
拉萨,2016,0.13409163729573859,0.23807385229540912
拉萨,2017,0.26613928520977526,0.03772520253113543
拉萨,2018,0.22838335378779417,0.16565036703305225
拉萨,2019,0.06303360581289752,0.21754631480741038
拉萨,2020,-0.08356117566643884,-0.04310226868449141
拉萨,2021,-0.002983404810740331,-0.08945833095006583
拉萨,2022,-0.32233027866093134,0.11605628494252151
拉萨,2023,0.5060024837863943,0.2723946753721893
拉萨,2024,0.10536925050393986,0.029262142793948565
昆明,2006,,
昆明,2007,0.28326263015811803,0.23167265110712143
昆明,2008,0.3147257700976711,0.41809899787427884
昆明,2009,4.127325248078692,4.144085619596762
昆明,2010,-0.7170961542955654,-0.7116708453320213
昆明,2011,0.2515857069692313,0.2755334815627617
昆明,2012,0.1910982404230539,0.18973128381590554
昆明,2013,0.1911997885835095,0.11458690109221004
昆明,2014,0.060388241819190336,0.013486752253482726
昆明,2015,0.05073540180346048,0.03677188963379718
昆明,2016,0.0553144040460356,0.11845846398804194
昆明,2017,0.05822641509433968,0.12710633352701928
昆明,2018,0.06199408051920252,-0.02461657430081199
昆明,2019,0.057753974783002926,0.08464587737843554
昆明,2020,0.03244289954446633,0.06601612942523682
昆明,2021,0.05941857426168773,0.06069367464716313
昆明,2022,-0.26681855119572784,-0.06985864506119621
昆明,2023,0.10440376051459666,-0.02957188528008159
昆明,2024,-0.019318996415770506,0.006039699686078981
杭州,2006,,
杭州,2007,0.2993795414579117,0.21867286191375057
杭州,2008,0.16273428323374706,0.2500595734540687
杭州,2009,0.14371362688042155,0.1685371839778873
杭州,2010,0.2890800514602816,0.2573001631321372
杭州,2011,0.16952661840498107,0.21234876252878765
杭州,2012,0.09531936572629429,0.05186552688258339
杭州,2013,0.09908254747148226,0.08834003154092684
杭州,2014,0.08688108336859912,0.12321499520882506
杭州,2015,0.20106685356072118,0.25416675336565486
杭州,2016,0.13656109184037346,0.1649384477552509
杭州,2017,0.11768564868295317,0.09727909079904018
杭州,2018,0.16437202536652573,0.114321314539366
杭州,2019,0.07720842054507804,0.13730868684045006
杭州,2020,0.06481278961530434,0.05981514197198967
杭州,2021,0.1400599028370253,0.15576471497733935
杭州,2022,0.026824884039571062,0.06272888413237254
杭州,2023,0.06781984893557103,0.03703252048511252
杭州,2024,0.008988042693202747,0.020529316486042504
武汉,2006,,
武汉,2007,0.2412094064949608,0.19169155579690478
武汉,2008,0.25099242150848067,0.229958011912899
武汉,2009,0.13973027549401418,0.3328040647824706
武汉,2010,0.23450501471193097,0.15866491938686367
武汉,2011,0.7254670801404444,0.3110101962128353
武汉,2012,0.23069839289427563,0.15752117536337962
武汉,2013,0.18096019696347954,0.26800293602845704
武汉,2014,0.12518906103094474,0.046505414648047694
武汉,2015,0.131341846651287,0.1386690494426006
武汉,2016,0.061390621613159446,0.13947909270954018
武汉,2017,0.06113758414643389,0.1335362174357897
武汉,2018,0.08964809363261184,0.11631795773832931
武汉,2019,0.02317001373716221,0.15953371930897564
武汉,2020,-0.213429915863233,0.07630861383040544
武汉,2021,0.28315275260304484,-0.07967406066093263
武汉,2022,-0.04681848414784784,0.003240116066553389
武汉,2023,0.06410409771787817,-0.008577918718934874
武汉,2024,0.041287784161878616,0.12563972269609103
沈阳,2006,,
沈阳,2007,0.31418322610032456,0.2638785533561543
沈阳,2008,0.26095056540011274,0.19742110221384834
沈阳,2009,0.1002267729521713,0.1699857402763436
沈阳,2010,0.4532650448143407,0.085609817601076
沈阳,2011,0.33258837434189314,0.23744725330029803
沈阳,2012,0.15306714829387857,0.19834503902767153
沈阳,2013,0.12021705079436118,0.15036092365126796
沈阳,2014,-0.019350811485642994,0.03754765795206971
沈阳,2015,-0.22821133036282626,-0.11569714666929143
沈阳,2016,0.0242643177619426,0.020789532266442423
沈阳,2017,0.056832273129881594,0.035898181465731316
沈阳,2018,0.09813482872119961,0.1291431779373582
沈阳,2019,0.013390874777975181,0.0851528836592641
沈阳,2020,0.00792835722795071,0.02519925547654256
沈阳,2021,0.050184762525812276,-0.038685349844048145
沈阳,2022,-0.07677679749553701,0.02042615012106519
沈阳,2023,0.12215729959224864,0.028920168186865824
沈阳,2024,0.030879690329025378,0.0706879693005924
济南,2006,,
济南,2007,0.22251635004671444,0.22452034290379652
济南,2008,0.1846898484269519,0.2296921880208913
济南,2009,0.12993226534781188,0.17440809687330572
济南,2010,0.2661401589038488,0.2957833179439828
济南,2011,0.22278585653627925,0.17838479809976238
济南,2012,0.17024153401757713,0.173326950211651
济南,2013,0.2658736410902789,0.11521034208774461
济南,2014,0.1266621030140851,0.10030424401139926
济南,2015,0.1310735919577266,0.15185243520414415
济南,2016,0.0437882536788643,0.12622686803002225
济南,2017,0.05612738217772373,0.12519224023959197
济南,2018,0.11164926684484877,0.22083543150372886
济南,2019,0.1612204776706252,0.1758605450527866
济南,2020,0.03647948386506372,0.07640396886379586
济南,2021,0.11205412325622466,0.0033209186840470473
济南,2022,-0.0064211351614216206,-0.05220868005073154
济南,2023,0.05961204227181005,0.11400409605326511
济南,2024,0.020955487264568973,0.02333570157255971
海口,2006,,
海口,2007,1.1225745385707526,0.33984496124031005
海口,2008,-0.30813823857302114,0.08285119185373757
海口,2009,0.23880116016757968,0.4235947852105151
海口,2010,0.3103537981269511,0.18585797928239
海口,2011,0.20964860035735566,0.25876693252310434
海口,2012,0.2008862629246677,0.14502665191592068
海口,2013,0.18532185321853212,0.1594202898550725
海口,2014,0.15438717860025375,0.1433333333333333
海口,2015,0.11366360367558914,0.132586800954148
海口,2016,0.035964125560538074,0.1718247235710526
海口,2017,0.08527400225088733,-0.009885172241637652
海口,2018,0.35513720485003186,0.20134126663977425
海口,2019,0.09100541558747355,0.11588667366211958
海口,2020,0.003830797453329149,0.15504400812457675
海口,2021,0.119699005643644,-0.10687768659632668
海口,2022,-0.016801075268817245,0.2130095529789251
海口,2023,0.3029489307684796,0.11079716243837923
海口,2024,-0.03226289953910144,0.006846349515613914
深圳,2006,,
深圳,2007,0.31380769845072654,0.2739491092366386
深圳,2008,0.21624168008996159,0.22240232979834063
深圳,2009,0.10052976160727667,0.12471624749960664
深圳,2010,0.25657909675075485,0.2642080652252108
深圳,2011,0.21028712889178003,0.257091371802066
深圳,2012,0.1063848847018074,-0.015623428226536507
深圳,2013,0.16812857605527376,0.07991262749806793
深圳,2014,0.2028464817531741,0.2811104605430468
深圳,2015,0.30944949194214466,0.6257813437727942
深圳,2016,0.15022461814914645,0.19575087955430237
深圳,2017,0.062375457916333366,0.09089441088187256
深圳,2018,0.06190634819169705,-0.06775654142539944
深圳,2019,0.06640553242840719,0.06309106278049925
深圳,2020,0.02226385892753968,-0.08237035800497705
深圳,2021,0.10377742463168094,0.09395076740423014
深圳,2022,-0.057603870634379994,0.09346596006319174
深圳,2023,0.02500722752240514,0.002939540319127243
深圳,2024,-0.04828850558503006,-0.06209011446368462
石家庄,2006,,
石家庄,2007,0.23911076644694318,0.2722807017543858
石家庄,2008,0.14780431834776264,0.18765704479990197
石家庄,2009,0.14467466375863314,0.24320140358119602
石家庄,2010,0.2990631946649731,0.2666445293043336
石家庄,2011,0.3520136894212553,0.3223882553414601
石家庄,2012,0.23075532251502962,0.15004708331268257
石家庄,2013,0.1573380343763775,0.12680730030813003
石家庄,2014,0.08996572734196495,0.08327915248403239
石家庄,2015,0.09194398346289345,0.20459319670250142
石家庄,2016,0.09510731902413005,0.09339234162282573
石家庄,2017,0.12215134398130112,0.08123358172948048
石家庄,2018,0.1275575516934626,0.2291720897946028
石家庄,2019,0.09515471059113301,0.060285797843910416
石家庄,2020,0.11080069579885099,0.08639990869230241
石家庄,2021,0.07777725051013129,0.009201299212943104
石家庄,2022,0.01585065163790067,0.08474590974547613
石家庄,2023,0.06606853906611199,0.01951328742912417
石家庄,2024,0.011099215330198309,-0.0001098185640436844
福州,2006,,
福州,2007,0.2676007611139941,0.30010903143739776
福州,2008,0.1521561135371179,0.24537004682367725
福州,2009,0.1563425322752574,0.15089786756453427
福州,2010,0.2691795554645089,0.2795358135452728
福州,2011,0.2914211928012269,0.38442191906104717
福州,2012,0.19366329208848887,0.13055326176713455
福州,2013,0.18834092455892382,0.2997346188493657
福州,2014,0.1253386787673194,0.07674584145062169
福州,2015,0.09706970462152809,0.2629042640176755
福州,2016,0.06860436070370746,0.14326450208697805
福州,2017,0.05885692341086313,0.1312520333040137
福州,2018,0.0728838148101425,-0.015018213578169348
福州,2019,-0.018078132808136527,0.0270340412647605
福州,2020,0.011271105256855485,0.0017267520215633603
福州,2021,0.10988588090762419,-0.02747529955854533
福州,2022,-0.06845369073814767,0.08735922875732238
福州,2023,0.07953959800721533,-0.001182796767684846
福州,2024,-0.004747506895820153,0.020479649716389714
西宁,2006,,
西宁,2007,0.30014124293785316,0.31302827164092095
西宁,2008,0.273764258555133,0.49278579356270824
西宁,2009,0.20042643923240933,0.26572490706319707
西宁,2010,0.22628774422735365,0.2796052631578947
西宁,2011,0.3108342989571262,0.3775247888358426
西宁,2012,0.21038674033149185,0.23513729672087447
西宁,2013,0.22530582435639945,0.12006259443125411
西宁,2014,0.2498882431828342,0.19545213662860728
西宁,2015,0.1300667620410112,0.12851616023212697
西宁,2016,-0.20645637725498478,0.02778273756383265
西宁,2017,0.052379686253655855,0.001945728084500109
西宁,2018,0.17407781707933312,0.031591358324374985
西宁,2019,0.09522272433828283,0.10272959526690872
西宁,2020,0.3116219667943805,0.004481160834044484
西宁,2021,0.15249794022919638,0.04336742435737917
西宁,2022,-0.14395268733346334,-0.013845258871436839
西宁,2023,0.09391132705739458,0.23510500235960352
西宁,2024,-0.06683322923173018,-0.042435820895522336
西安,2006,,
西安,2007,0.3147048550471534,0.352541519879215
西安,2008,0.2894969890187744,0.4076899224806203
西安,2009,0.24579355813474346,0.21965725362350774
西安,2010,0.33329658213891955,0.34231533321293117
西安,2011,0.3170842636235838,0.3308756256390937
西安,2012,0.24614660178935788,0.2080755388410369
西安,2013,0.26456066102378095,0.22145977338532852
西安,2014,0.16297462050280886,0.12294980885435947
西安,2015,0.11510988540399802,0.11921321717060795
西安,2016,-0.015238329313814303,0.027560943700667195
西安,2017,0.020949350304958925,0.10882527691720068
西安,2018,0.04614209320091689,0.10217301859170025
西安,2019,0.026084416532788035,0.08260480783421742
西安,2020,0.030716237759052634,0.08064024634729194
西安,2021,0.18209186068992178,0.09427269624066836
西安,2022,-0.025607476635513993,0.06455222362371327
西安,2023,0.1412814118549779,0.10234359572177532
西安,2024,0.05298764602067396,-0.09744173548226787
贵阳,2006,,
贵阳,2007,0.23286781422539793,0.20627904340927117
贵阳,2008,0.17215489989462585,0.3368411162266278
贵阳,2009,0.18395325317451405,0.19370255833567618
贵阳,2010,0.2936598329536828,0.20336787564766845
贵阳,2011,0.3726338958180484,0.35717780604755855
贵阳,2012,0.28916564220428675,0.25939144855432983
贵阳,2013,0.14934284174302404,0.12672830847622607
贵阳,2014,0.19620504310811326,0.13981199186991855
贵阳,2015,0.12816646562123046,0.12235026636649349
贵阳,2016,-0.020796578454958636,0.043176040673657434
贵阳,2017,0.031475212928587126,0.10893652667250509
贵阳,2018,0.08863305544528233,0.07165911275923631
贵阳,2019,0.01439198716390333,0.15154913331838138
贵阳,2020,-0.045846714278866885,-0.05656492585069983
贵阳,2021,0.014040639991962589,-0.0659873776100035
贵阳,2022,-0.0038640642029129646,0.1484662382974693
贵阳,2023,0.10950865327232928,0.07032785758471372
贵阳,2024,-0.02714029583146571,-0.1098881339823532
郑州,2006,,
郑州,2007,0.24706016019996602,0.2825322391559204
郑州,2008,0.1861789358600583,0.20284194781452558
郑州,2009,0.15949153193287002,0.21951640759930924
郑州,2010,0.2811340752517222,0.20889392437331833
郑州,2011,0.2986556359875905,0.3275070290534208
郑州,2012,0.2076962892180283,0.2367185569557697
郑州,2013,0.19279650539850013,0.16477807906379316
郑州,2014,0.15238871767941298,0.12540433248382676
郑州,2015,0.13073823571736942,0.20414584490098098
郑州,2016,0.07241489023226211,0.19485181099799287
郑州,2017,0.04498704483870353,0.1463606577224883
郑州,2018,0.09027416317298664,0.16395920657447438
郑州,2019,0.061168689130774556,0.08355166899179967
郑州,2020,0.030003353700931656,-0.09969801169223358
郑州,2021,-0.028255811183202084,-0.055656966131451324
郑州,2022,-0.07587260854997024,-0.10343872349855954
郑州,2023,0.031004872699617048,0.043401240035429556
郑州,2024,-0.009272204829094632,0.004007580842579239
重庆,2006,,
重庆,2007,0.39336522724411416,0.29304164913756825
重庆,2008,0.3046532640614412,0.32225822824347006
重庆,2009,0.1343560087954705,0.27172960896054166
重庆,2010,0.4531648274493645,0.32269423956535537
重庆,2011,0.5632569033789532,0.5039086270654869
重庆,2012,0.14456471347080302,0.1852434013944224
重庆,2013,-0.006017059096325772,0.005225908953636393
重庆,2014,0.1351137464269685,0.07906200608696778
重庆,2015,0.12112777182339407,0.14756430082405525
重庆,2016,0.03391450833708465,0.0553296413502109
重庆,2017,0.01098338801836718,0.08357968019471174
重庆,2018,0.005842708601567992,0.047199442840407
重庆,2019,-0.05765071461991411,0.0675475396117553
重庆,2020,-0.018773449246579532,0.00954477193214065
重庆,2021,0.09098503472802344,-0.012033224695797706
重庆,2022,-0.0796473342230194,0.011935736061186475
重庆,2023,0.16038166414696065,0.084162958814741
重庆,2024,0.063414414303683,0.05969392371846105
银川,2006,,
银川,2007,0.17069038542990267,0.3419158361018826
银川,2008,0.2955861070911723,0.3005983082318959
银川,2009,0.2303825746998045,0.1500634517766497
银川,2010,0.45347253744893323,0.6540689655172414
银川,2011,0.5087445346658337,0.22790193462308195
银川,2012,0.17087559511488304,0.2681833616298812
银川,2013,0.1897816671086361,0.18094677091142763
银川,2014,0.14115898959881124,0.19666258558926208
银川,2015,0.11510416666666679,0.17192118226600983
银川,2016,0.011209715086408112,0.07048856985805285
银川,2017,0.024595842956120162,0.03250067961458303
银川,2018,-0.02372365603516291,0.06275049000965383
银川,2019,-0.107012987012987,-0.04627284739044246
银川,2020,0.01648245103742485,-0.040725026697838285
银川,2021,0.0885794226122345,-0.12236731255265376
银川,2022,-0.01361060809626724,0.22235935410881424
银川,2023,0.17114769631647508,0.22885990744636087
银川,2024,0.05400485436893199,0.01440146068697934
长春,2006,,
长春,2007,0.3032546445034221,0.2378809572509717
长春,2008,0.27577706323687035,0.32369464639788514
长春,2009,0.19843736873057205,0.27329089169059206
长春,2010,0.26778829302488605,0.25136433449887274
长春,2011,0.5959635056676804,0.3545034340479982
长春,2012,0.1807504417420227,0.07100717205213236
长春,2013,0.12036384976525816,0.13943943403359071
长春,2014,0.04059504478550102,0.06772832835679421
长春,2015,-0.022903453136011165,0.13299005681818188
长春,2016,0.07024367626603456,0.0063339079559108225
长春,2017,0.08325110110953315,0.13647040502485175
长春,2018,0.06205563455385721,0.021250842154545424
长春,2019,-0.12131545365159724,0.001878480220050438
长春,2020,0.04859292414646932,0.20995067074395668
长春,2021,0.40110800808300984,-0.10851919493792317
长春,2022,-0.25506814241034537,0.01053295947190347
长春,2023,0.2541495355565706,0.10064812065487838
长春,2024,-0.2585166169430375,-0.017451649813483128
长沙,2006,,
长沙,2007,0.31431152601069035,0.304922543214307
长沙,2008,0.17751174246763646,0.19429802447632594
长沙,2009,0.1982779588461352,0.20540374577832354
长沙,2010,0.27584947022287154,0.2841632705043302
长沙,2011,0.35477917780323276,0.2914734832519277
长沙,2012,0.15235567664051852,0.19913993357522708
长沙,2013,0.09371242229695298,0.12359514584867615
长沙,2014,0.17921100199392503,0.14328460288962974
长沙,2015,0.13614096080910265,0.1528203594306936
长沙,2016,0.03442520342165656,0.1258702702702703
长沙,2017,0.07617318811348661,0.13555399786831557
长沙,2018,0.09915661897919659,0.09994080838829711
长沙,2019,0.08016278091643825,0.09624151477179255
长沙,2020,0.1577091861970259,0.052770726097140175
长沙,2021,0.08019343871865026,0.026884621277219356
长沙,2022,0.011520562816100144,0.01600295798493767
长沙,2023,0.020856905158069816,0.03867174032408416
长沙,2024,0.03053615523156794,0.02281123411788588
青岛,2006,,
青岛,2007,0.29563255011283696,0.356391739516027
青岛,2008,0.1695355191256831,0.15016501650165015
青岛,2009,0.10095199158976742,0.17370942854822546
青岛,2010,0.20052518500835537,0.22789335301443803
青岛,2011,0.25083405139082204,0.23604876124645457
青岛,2012,0.18377079874236046,0.16399720390237982
青岛,2013,0.17719120236354424,0.32409462388051913
青岛,2014,0.13476480803113078,0.05963144454413705
青岛,2015,0.12406590337894441,0.13786044607382442
青岛,2016,0.09312147229509482,0.10629093852985183
青岛,2017,0.052007672518022297,0.03709206490002592
青岛,2018,0.06452421278213682,0.1117224863331503
青岛,2019,0.007979479020382874,0.010379668927669394
青岛,2020,0.009752444150949335,0.005507719055565907
青岛,2021,0.09127886110778816,0.07705802543148321
青岛,2022,-0.0694219103997662,-0.006204738803346599
青岛,2023,0.05069464623697284,0.013341823048397261
青岛,2024,0.0010464473113780404,0.0009425180358391128
