地区,年份,商品房销售面积,商品房销售额,房地产开发投资额,房地产施工面积
上海,2006,3025.4,3025.4,1275.59,10938.75
上海,2007,3694.96,3694.96,1307.53,10766.72
上海,2008,2339.29,2339.29,1435.73,10784.23
上海,2009,3372.45,3372.45,1462.07,9949.45
上海,2010,2060.96,2060.96,1980.68,11295.03
上海,2011,1790.86,1790.86,2253.83,13033.17
上海,2012,1898.46,1898.46,2381.36,13249.97
上海,2013,2382.2,2382.2,2819.59,13516.58
上海,2014,2084.66,2084.66,3206.48,14690.18
上海,2015,2431.36,2431.36,3468.94,15095.33
上海,2016,2705.69,2705.69,3709.03,15111.24
上海,2017,1691.6,1691.6,3856.53,15362.25
上海,2018,1767.01,1767.01,4033.18,14672.37
上海,2019,1696.34,1696.34,4231.38,14802.97
上海,2020,1789.16,1789.16,4698.75,15740.34
上海,2021,1880.45,1880.45,5035.18,16627.9
上海,2022,1852.88,1852.88,4979.54,16678.19
上海,2023,1811.71,1811.71,6062.04,17618.37
上海,2024,1656.86,1656.86,6228.91,16818.02
乌鲁木齐,2006,413.45,413.45,53.11,628.64
乌鲁木齐,2007,498.69,498.69,81.8,915.33
乌鲁木齐,2008,296.1,296.1,99.96,1044.0
乌鲁木齐,2009,537.27,537.27,113.3,1288.66
乌鲁木齐,2010,444.61,444.61,143.03,1509.36
乌鲁木齐,2011,465.84,465.84,194.29,1851.72
乌鲁木齐,2012,371.61,371.61,220.69,2390.52
乌鲁木齐,2013,535.67,535.67,270.59,3351.29
乌鲁木齐,2014,461.79,461.79,329.98,3859.0
乌鲁木齐,2015,524.96,524.96,366.87,3755.8
乌鲁木齐,2016,582.0,582.0,362.5,3855.08
乌鲁木齐,2017,606.94,606.94,422.74,4156.16
乌鲁木齐,2018,605.3,605.3,659.15,4605.11
乌鲁木齐,2019,657.42,657.42,544.13,4862.05
乌鲁木齐,2020,716.09,716.09,550.4,5230.52
乌鲁木齐,2021,764.16,764.16,537.77,6056.27
乌鲁木齐,2022,449.43,449.43,311.95,5529.36
乌鲁木齐,2023,549.0,549.0,358.08,5465.92
乌鲁木齐,2024,409.01,409.01,366.65,5155.57
兰州,2006,208.63,208.63,53.84,908.06
兰州,2007,268.98,268.98,74.45,983.96
兰州,2008,140.17,140.17,92.43,1088.57
兰州,2009,244.03,244.03,99.08,1259.19
兰州,2010,228.21,228.21,118.28,1467.21
兰州,2011,131.09,131.09,154.84,1724.04
兰州,2012,190.35,190.35,209.74,2342.49
兰州,2013,253.46,253.46,257.44,2622.13
兰州,2014,480.36,480.36,317.08,3284.56
兰州,2015,628.12,628.12,320.56,3800.49
兰州,2016,828.79,828.79,391.15,4010.16
兰州,2017,697.93,697.93,418.26,4140.2
兰州,2018,642.42,642.42,575.22,4314.16
兰州,2019,718.44,718.44,550.67,5137.89
兰州,2020,846.48,846.48,553.77,5058.56
兰州,2021,799.58,799.58,602.76,5576.37
兰州,2022,282.23,282.23,486.45,4794.19
兰州,2023,335.75,335.75,401.54,4351.16
兰州,2024,305.75,305.75,297.31,3782.03
北京,2006,2607.62,2607.62,1719.87,10483.53
北京,2007,2176.57,2176.57,1995.82,10438.65
北京,2008,1335.37,1335.37,1908.74,10014.32
北京,2009,2362.25,2362.25,2337.71,9719.08
北京,2010,1639.53,1639.53,2901.07,10300.86
北京,2011,1439.2,1439.2,3036.31,12065.38
北京,2012,1943.74,1943.74,3153.44,13122.49
北京,2013,1903.11,1903.11,3483.4,13886.87
北京,2014,1454.19,1454.19,3715.33,13588.08
北京,2015,1554.25,1554.25,4177.05,12993.08
北京,2016,1658.93,1658.93,4000.57,12976.0
北京,2017,869.95,869.95,3692.54,12412.74
北京,2018,696.19,696.19,3873.35,12962.61
北京,2019,938.86,938.86,3838.38,12514.99
北京,2020,970.88,970.88,3938.71,13918.64
北京,2021,1107.07,1107.07,4139.03,14055.32
北京,2022,1039.98,1039.98,4178.46,13333.15
北京,2023,1131.82,1131.82,4202.41,12531.34
北京,2024,1118.65,1118.65,3758.29,11309.53
南京,2006,1010.5,1010.5,351.17,3321.96
南京,2007,1137.88,1137.88,445.97,3582.75
南京,2008,703.55,703.55,508.17,4097.72
南京,2009,1186.94,1186.94,595.68,4366.07
南京,2010,823.17,823.17,748.35,4570.49
南京,2011,767.71,767.71,871.76,5644.43
南京,2012,950.87,950.87,971.96,6050.06
南京,2013,1222.01,1222.01,1037.71,6156.48
南京,2014,1207.58,1207.58,1125.49,6540.23
南京,2015,1543.16,1543.16,1429.02,7084.44
南京,2016,1558.18,1558.18,1845.6,7691.41
南京,2017,1429.61,1429.61,2170.21,8163.04
南京,2018,1220.73,1220.73,2354.17,8656.96
南京,2019,1320.65,1320.65,2501.26,9001.67
南京,2020,1324.67,1324.67,2631.4,8663.99
南京,2021,1510.95,1510.95,2719.8,8597.29
南京,2022,942.32,942.32,2758.77,7845.46
南京,2023,906.77,906.77,2764.36,7467.23
南京,2024,930.12,930.12,2190.63,7180.39
南宁,2006,456.0,456.0,139.07,1751.86
南宁,2007,628.84,628.84,187.46,2116.78
南宁,2008,497.23,497.23,202.46,2231.86
南宁,2009,731.74,731.74,226.73,2620.22
南宁,2010,669.4,669.4,322.82,3183.12
南宁,2011,711.73,711.73,392.42,3563.05
南宁,2012,629.01,629.01,362.73,3747.04
南宁,2013,702.6,702.6,416.37,3812.35
南宁,2014,802.57,802.57,551.82,4519.36
南宁,2015,1000.73,1000.73,657.19,5174.93
南宁,2016,1327.53,1327.53,854.0,6191.24
南宁,2017,1544.13,1544.13,958.09,7171.62
南宁,2018,1745.19,1745.19,1106.36,8129.81
南宁,2019,1805.23,1805.23,1461.08,9704.05
南宁,2020,1837.59,1837.59,1378.2,10712.49
南宁,2021,1494.08,1494.08,1359.95,11246.52
南宁,2022,1324.72,1324.72,743.83,10381.45
南宁,2023,952.23,952.23,496.41,9555.77
南宁,2024,807.38,807.38,444.12,7167.26
南昌,2006,383.51,383.51,110.75,1341.06
南昌,2007,478.99,478.99,125.6,1525.59
南昌,2008,335.48,335.48,163.3,1825.93
南昌,2009,494.69,494.69,198.25,1782.03
南昌,2010,520.84,520.84,230.15,2146.18
南昌,2011,499.13,499.13,279.89,2610.34
南昌,2012,689.86,689.86,344.36,3123.29
南昌,2013,841.49,841.49,406.14,3992.51
南昌,2014,824.66,824.66,414.07,4244.74
南昌,2015,901.02,901.02,485.37,4458.93
南昌,2016,1244.65,1244.65,674.6,4982.72
南昌,2017,1610.43,1610.43,790.69,5948.81
南昌,2018,1846.31,1846.31,890.43,6093.95
南昌,2019,1906.13,1906.13,913.04,6611.93
南昌,2020,1770.83,1770.83,971.57,6068.95
南昌,2021,2019.49,2019.49,975.84,5927.1
南昌,2022,1390.7,1390.7,787.42,4982.65
南昌,2023,717.77,717.77,496.63,4728.09
南昌,2024,690.05,690.05,473.49,3987.07
厦门,2006,433.27,433.27,213.93,1996.95
厦门,2007,497.7,497.7,345.74,2838.78
厦门,2008,389.47,389.47,327.02,3447.88
厦门,2009,529.29,529.29,267.42,3094.96
厦门,2010,426.77,426.77,396.13,3089.12
厦门,2011,445.39,445.39,438.12,3513.17
厦门,2012,615.34,615.34,518.88,3579.73
厦门,2013,786.71,786.71,531.8,3785.86
厦门,2014,790.21,790.21,704.06,4219.86
厦门,2015,570.83,570.83,774.07,4333.83
厦门,2016,528.86,528.86,765.8,4312.2
厦门,2017,527.88,527.88,879.86,4287.7
厦门,2018,529.42,529.42,884.58,4343.24
厦门,2019,540.77,540.77,899.53,4089.16
厦门,2020,621.82,621.82,1055.76,3616.04
厦门,2021,593.04,593.04,1069.66,3661.02
厦门,2022,607.63,607.63,1064.78,3514.91
厦门,2023,603.79,603.79,1435.6,3443.31
厦门,2024,484.68,484.68,976.06,3234.48
合肥,2006,650.31,650.31,281.81,2504.14
合肥,2007,1042.69,1042.69,387.53,3169.31
合肥,2008,933.13,933.13,567.16,4020.39
合肥,2009,1297.95,1297.95,670.36,4751.29
合肥,2010,1004.7,1004.7,819.03,5338.63
合肥,2011,1245.98,1245.98,889.6,5699.53
合肥,2012,1242.48,1242.48,913.8,6071.64
合肥,2013,1628.09,1628.09,1105.81,7015.32
合肥,2014,1594.79,1594.79,1127.35,6986.81
合肥,2015,1589.21,1589.21,1259.14,7199.3
合肥,2016,2098.34,2098.34,1352.59,7818.54
合肥,2017,1283.4,1283.4,1557.41,8283.56
合肥,2018,1389.58,1389.58,1527.17,8233.22
合肥,2019,1321.87,1321.87,1556.08,7874.2
合肥,2020,1486.11,1486.11,1546.99,7998.95
合肥,2021,1836.59,1836.59,1466.42,8284.96
合肥,2022,1459.18,1459.18,1457.09,8106.44
合肥,2023,1109.25,1109.25,1544.63,7412.33
合肥,2024,974.03,974.03,1582.46,6490.97
呼和浩特,2006,215.32,215.32,94.99,996.56
呼和浩特,2007,225.89,225.89,129.83,1567.12
呼和浩特,2008,331.89,331.89,177.07,1787.12
呼和浩特,2009,379.58,379.58,178.99,1837.76
呼和浩特,2010,471.88,471.88,254.35,2461.13
呼和浩特,2011,449.71,449.71,330.03,3418.0
呼和浩特,2012,478.18,478.18,447.99,4442.06
呼和浩特,2013,420.45,420.45,581.68,5805.39
呼和浩特,2014,363.91,363.91,563.13,5860.47
呼和浩特,2015,381.81,381.81,509.05,5574.45
呼和浩特,2016,425.49,425.49,520.52,5133.32
呼和浩特,2017,316.51,316.51,238.4,4170.59
呼和浩特,2018,396.05,396.05,174.25,3504.62
呼和浩特,2019,326.0,326.0,175.22,3464.82
呼和浩特,2020,413.76,413.76,246.89,3152.4
呼和浩特,2021,309.66,309.66,270.72,3318.21
呼和浩特,2022,145.83,145.83,219.09,3110.87
呼和浩特,2023,187.79,187.79,234.58,2919.84
呼和浩特,2024,186.1,186.1,280.92,2319.75
哈尔滨,2006,674.41,674.41,157.83,1585.62
哈尔滨,2007,748.95,748.95,187.42,1502.22
哈尔滨,2008,587.08,587.08,215.76,1610.76
哈尔滨,2009,705.28,705.28,279.23,1926.63
哈尔滨,2010,881.75,881.75,360.74,2939.04
哈尔滨,2011,998.59,998.59,570.46,4599.29
哈尔滨,2012,1195.28,1195.28,789.04,5577.06
哈尔滨,2013,1370.48,1370.48,857.94,5947.06
哈尔滨,2014,1041.05,1041.05,686.66,6086.31
哈尔滨,2015,895.98,895.98,593.98,5578.78
哈尔滨,2016,1057.96,1057.96,512.13,4842.49
哈尔滨,2017,1269.54,1269.54,498.59,4482.15
哈尔滨,2018,1050.58,1050.58,584.99,4673.76
哈尔滨,2019,964.78,964.78,620.45,5509.27
哈尔滨,2020,768.5,768.5,622.05,5490.29
哈尔滨,2021,609.45,609.45,531.37,5406.34
哈尔滨,2022,408.97,408.97,341.05,5134.83
哈尔滨,2023,388.65,388.65,228.21,4933.32
哈尔滨,2024,313.86,313.86,179.2,4450.94
大连,2006,628.78,628.78,337.23,2196.08
大连,2007,828.24,828.24,407.83,2754.48
大连,2008,822.71,822.71,495.82,3334.94
大连,2009,1152.68,1152.68,578.94,3489.06
大连,2010,1215.33,1215.33,768.02,5060.54
大连,2011,909.91,909.91,1107.46,6193.38
大连,2012,1076.36,1076.36,1396.52,6213.43
大连,2013,1222.13,1222.13,1710.36,6396.17
大连,2014,746.4,746.4,1429.34,6279.66
大连,2015,637.33,637.33,897.46,4911.5
大连,2016,707.49,707.49,535.17,4655.07
大连,2017,839.84,839.84,566.64,4477.89
大连,2018,775.95,775.95,688.51,4219.82
大连,2019,658.87,658.87,711.06,3855.62
大连,2020,714.84,714.84,753.06,3711.92
大连,2021,687.71,687.71,728.95,4099.94
大连,2022,434.33,434.33,608.84,3739.93
大连,2023,309.03,309.03,458.13,3383.46
大连,2024,292.72,292.72,362.42,2894.95
天津,2006,1458.6,1458.6,402.32,4142.6
天津,2007,1548.59,1548.59,505.3,4836.49
天津,2008,1252.04,1252.04,653.72,5704.27
天津,2009,1590.02,1590.02,735.18,6052.16
天津,2010,1514.52,1514.52,866.64,7160.84
天津,2011,1594.57,1594.57,1080.25,9233.98
天津,2012,1661.69,1661.69,1260.0,9864.22
天津,2013,1847.11,1847.11,1480.82,10892.17
天津,2014,1612.98,1612.98,1699.65,10652.37
天津,2015,1771.07,1771.07,1871.55,10230.22
天津,2016,2711.08,2711.08,2300.01,9349.76
天津,2017,1482.12,1482.12,2233.39,8795.82
天津,2018,1249.87,1249.87,2424.49,10324.37
天津,2019,1478.68,1478.68,2727.82,11453.43
天津,2020,1306.96,1306.96,2608.54,12034.51
天津,2021,1435.42,1435.42,2769.98,12627.78
天津,2022,973.77,973.77,2127.94,11085.1
天津,2023,1178.51,1178.51,1232.04,9587.14
天津,2024,1183.81,1183.81,1262.23,7676.99
太原,2006,137.23,137.23,80.32,1067.16
太原,2007,167.23,167.23,94.82,1168.2
太原,2008,182.94,182.94,121.17,1310.14
太原,2009,183.8,183.8,165.01,1772.7
太原,2010,258.82,258.82,241.09,2366.52
太原,2011,216.18,216.18,310.55,2812.37
太原,2012,324.81,324.81,359.24,3651.05
太原,2013,423.31,423.31,416.23,4184.22
太原,2014,419.21,419.21,469.68,4636.18
太原,2015,448.28,448.28,597.83,4830.54
太原,2016,609.84,609.84,681.9,5716.47
太原,2017,786.41,786.41,470.63,5565.06
太原,2018,839.42,839.42,529.41,6033.42
太原,2019,741.1,741.1,696.54,7063.71
太原,2020,781.36,781.36,714.82,7659.31
太原,2021,821.78,821.78,665.47,8473.83
太原,2022,507.37,507.37,541.41,8110.6
太原,2023,532.78,532.78,518.23,7723.63
太原,2024,399.01,399.01,507.68,6709.0
宁波,2006,609.31,609.31,313.58,2750.73
宁波,2007,804.43,804.43,332.89,3014.33
宁波,2008,448.38,448.38,307.75,3105.35
宁波,2009,815.18,815.18,374.51,3104.34
宁波,2010,693.56,693.56,557.27,3820.7
宁波,2011,526.53,526.53,711.46,5209.81
宁波,2012,590.22,590.22,884.35,6080.51
宁波,2013,730.09,730.09,1123.14,6833.96
宁波,2014,726.44,726.44,1328.14,7422.16
宁波,2015,1007.21,1007.21,1228.84,6737.89
宁波,2016,1336.95,1336.95,1270.33,6565.28
宁波,2017,1543.64,1543.64,1374.47,6833.12
宁波,2018,1624.38,1624.38,1587.47,7472.48
宁波,2019,1714.64,1714.64,1703.59,8347.74
宁波,2020,1858.2,1858.2,1818.88,10575.61
宁波,2021,1606.23,1606.23,2075.59,10778.64
宁波,2022,1128.8,1128.8,2131.68,9660.77
宁波,2023,901.56,901.56,2218.61,9569.29
宁波,2024,796.27,796.27,1873.2,6687.44
广州,2006,1316.88,1316.88,556.79,4847.76
广州,2007,1351.33,1351.33,703.8,5184.85
广州,2008,1024.96,1024.96,763.54,5543.16
广州,2009,1375.42,1375.42,817.34,5551.91
广州,2010,1405.13,1405.13,983.66,6464.12
广州,2011,1194.08,1194.08,1305.56,7692.59
广州,2012,1333.13,1333.13,1370.45,7845.62
广州,2013,1699.98,1699.98,1572.43,8159.31
广州,2014,1540.02,1540.02,1816.15,9369.93
广州,2015,1653.07,1653.07,2137.59,9345.57
广州,2016,1949.1,1949.1,2540.85,10061.92
广州,2017,1757.75,1757.75,2702.89,10658.49
广州,2018,1550.28,1550.28,2701.93,10999.01
广州,2019,1464.64,1464.64,3102.26,11985.91
广州,2020,1539.4,1539.4,3293.95,11878.29
广州,2021,1736.31,1736.31,3626.44,12750.78
广州,2022,1374.07,1374.07,3431.9,12946.25
广州,2023,1404.49,1404.49,3311.45,12676.79
广州,2024,1159.25,1159.25,3066.03,12589.25
成都,2006,1590.56,1590.56,613.64,4857.74
成都,2007,2225.5,2225.5,905.28,6472.53
成都,2008,1459.5,1459.5,923.51,7555.15
成都,2009,2708.76,2708.76,945.14,8405.64
成都,2010,2559.28,2559.28,1278.34,9778.9
成都,2011,2676.04,2676.04,1588.22,12620.39
成都,2012,2844.09,2844.09,1889.23,14150.98
成都,2013,2950.13,2950.13,2111.25,15239.3
成都,2014,2951.3,2951.3,2215.53,17202.89
成都,2015,2997.43,2997.43,2435.25,18334.84
成都,2016,3928.77,3928.77,2638.89,19880.94
成都,2017,3925.91,3925.91,2492.65,19396.65
成都,2018,3682.52,3682.52,2273.16,19514.56
成都,2019,3543.28,3543.28,2611.71,20619.9
成都,2020,3680.3,3680.3,2847.64,19122.23
成都,2021,3644.11,3644.11,3142.38,19544.1
成都,2022,2549.4,2549.4,3271.72,19338.18
成都,2023,2204.57,2204.57,2449.59,17764.84
成都,2024,1968.14,1968.14,2415.38,16653.38
昆明,2006,913.3,913.3,188.93,1568.76
昆明,2007,928.82,928.82,228.02,1884.1
昆明,2008,585.92,585.92,274.2,2177.29
昆明,2009,853.27,853.27,382.15,2877.58
昆明,2010,1241.01,1241.01,437.14,3513.74
昆明,2011,1121.3,1121.3,633.03,4443.6
昆明,2012,1051.35,1051.35,919.07,5885.0
昆明,2013,1211.2,1211.2,1291.71,7705.66
昆明,2014,1289.37,1289.37,1492.62,8772.72
昆明,2015,1305.03,1305.03,1451.31,9200.41
昆明,2016,1520.87,1520.87,1530.5,9518.45
昆明,2017,1827.25,1827.25,1683.33,10090.2
昆明,2018,1909.72,1909.72,1839.79,10293.44
昆明,2019,1916.23,1916.23,2096.25,12236.93
昆明,2020,1878.8,1878.8,2263.71,11359.07
昆明,2021,1297.56,1297.56,2149.06,12826.85
昆明,2022,822.5,822.5,1487.0,12051.99
昆明,2023,749.49,749.49,634.26,10361.0
昆明,2024,639.02,639.02,492.74,8558.41
杭州,2006,761.76,761.76,442.65,4548.46
杭州,2007,1150.28,1150.28,518.79,4775.62
杭州,2008,775.02,775.02,615.41,4987.39
杭州,2009,1456.38,1456.38,704.68,5140.8
杭州,2010,988.34,988.34,956.2,6227.05
杭州,2011,738.04,738.04,1201.51,7709.15
杭州,2012,1089.62,1089.62,1597.36,8288.95
杭州,2013,1139.13,1139.13,1853.28,9327.52
杭州,2014,1122.91,1122.91,2301.98,10506.53
杭州,2015,1482.17,1482.17,2472.6,11145.9
杭州,2016,2327.86,2327.86,2606.41,11567.82
杭州,2017,2054.11,2054.11,2734.2,11527.37
杭州,2018,1675.98,1675.98,3068.9,11755.16
杭州,2019,1513.62,1513.62,3396.75,12000.92
杭州,2020,1699.34,1699.34,3575.33,13315.09
杭州,2021,2236.25,2236.25,3628.33,13291.26
杭州,2022,1393.66,1393.66,3889.1,13281.27
杭州,2023,1447.34,1447.34,4400.69,14362.92
杭州,2024,1038.06,1038.06,4222.17,13399.9
武汉,2006,960.88,960.88,366.15,2876.92
武汉,2007,1135.41,1135.41,459.75,3195.41
武汉,2008,732.07,732.07,560.36,3798.3
武汉,2009,1086.99,1086.99,778.59,4487.38
武汉,2010,1211.71,1211.71,1017.4,5055.86
武汉,2011,1329.34,1329.34,1282.25,5994.11
武汉,2012,1576.11,1576.11,1574.86,6862.97
武汉,2013,1995.36,1995.36,1905.6,8545.13
武汉,2014,2273.16,2273.16,2353.63,10238.43
武汉,2015,2627.19,2627.19,2581.79,11062.52
武汉,2016,3255.66,3255.66,2517.44,11803.1
武汉,2017,3532.61,3532.61,2686.34,11912.98
武汉,2018,3646.94,3646.94,2780.01,11759.79
武汉,2019,3332.34,3332.34,2966.21,13556.46
武汉,2020,2646.37,2646.37,2777.15,15565.89
武汉,2021,2759.39,2759.39,3254.62,16251.62
武汉,2022,2122.34,2122.34,3366.79,15842.6
武汉,2023,1972.96,1972.96,3446.88,14456.27
武汉,2024,1998.3,1998.3,3332.08,14437.71
沈阳,2006,1243.79,1243.79,538.29,3455.96
沈阳,2007,1462.04,1462.04,730.36,5019.85
沈阳,2008,1465.05,1465.05,1010.91,5848.51
沈阳,2009,1532.93,1532.93,1188.7,6847.89
沈阳,2010,1746.52,1746.52,1450.08,8851.45
沈阳,2011,2165.17,2165.17,1684.72,10201.28
沈阳,2012,2469.65,2469.65,1942.96,11002.63
沈阳,2013,2262.33,2262.33,2184.01,11568.29
沈阳,2014,1498.4,1498.4,1975.82,11495.78
沈阳,2015,1065.06,1065.06,1337.66,8341.31
沈阳,2016,1184.32,1184.32,709.67,7058.07
沈阳,2017,1300.24,1300.24,814.24,6967.08
沈阳,2018,1354.82,1354.82,996.72,6525.79
沈阳,2019,1453.53,1453.53,1174.8,6626.56
沈阳,2020,1381.32,1381.32,1235.89,7111.84
沈阳,2021,1092.7,1092.7,1222.61,8120.52
沈阳,2022,648.89,648.89,940.31,6901.03
沈阳,2023,530.33,530.33,610.86,6061.97
沈阳,2024,522.57,522.57,510.47,4916.06
济南,2006,284.66,284.66,160.05,1071.07
济南,2007,320.24,320.24,193.21,1219.5
济南,2008,371.16,371.16,274.12,1616.94
济南,2009,441.06,441.06,332.56,2131.75
济南,2010,531.49,531.49,484.5,2363.53
济南,2011,596.17,596.17,528.92,3506.34
济南,2012,659.56,659.56,664.01,3819.44
济南,2013,822.63,822.63,721.77,4815.08
济南,2014,865.35,865.35,917.54,5265.66
济南,2015,1192.12,1192.12,1014.4,6633.99
济南,2016,1425.29,1425.29,1163.94,7920.35
济南,2017,1216.27,1216.27,1232.63,8014.94
济南,2018,1236.3,1236.3,1370.43,9117.03
济南,2019,1151.0,1151.0,1489.38,9431.52
济南,2020,1335.75,1335.75,1707.63,10353.04
济南,2021,1548.2,1548.2,1928.0,10156.54
济南,2022,1241.95,1241.95,1830.8,8678.88
济南,2023,1170.22,1170.22,1489.24,8137.75
济南,2024,1036.28,1036.28,1557.55,8042.65
海口,2006,141.64,141.64,50.47,710.92
海口,2007,170.46,170.46,59.97,686.75
海口,2008,176.29,176.29,76.17,687.73
海口,2009,191.78,191.78,78.44,675.61
海口,2010,209.76,209.76,103.79,874.24
海口,2011,221.8,221.8,144.64,1180.51
海口,2012,266.95,266.95,175.66,1591.47
海口,2013,338.19,338.19,256.4,1805.89
海口,2014,337.66,337.66,300.47,2252.04
海口,2015,373.4,373.4,456.39,2571.66
海口,2016,432.71,432.71,551.09,3081.9
海口,2017,549.59,549.59,603.25,3336.61
海口,2018,393.32,393.32,609.42,3337.73
海口,2019,440.56,440.56,480.73,3439.31
海口,2020,463.74,463.74,443.67,3370.64
海口,2021,484.6,484.6,452.45,3369.06
海口,2022,269.44,269.44,438.09,3542.17
海口,2023,325.79,325.79,482.25,3810.5
海口,2024,381.19,381.19,442.7,3087.01
深圳,2006,749.08,749.08,462.09,3122.1
深圳,2007,555.11,555.11,461.04,3149.56
深圳,2008,466.71,466.71,440.49,3272.12
深圳,2009,762.15,762.15,437.46,3112.36
深圳,2010,465.59,465.59,458.47,2939.94
深圳,2011,496.89,496.89,514.74,2875.98
深圳,2012,525.83,525.83,736.84,3216.69
深圳,2013,588.58,588.58,876.9,4003.49
深圳,2014,532.57,532.57,1069.49,4492.18
深圳,2015,831.46,831.46,1331.03,4978.41
深圳,2016,736.19,736.19,1756.52,5173.99
深圳,2017,671.03,671.03,2130.86,5676.07
深圳,2018,722.01,722.01,2640.71,6747.69
深圳,2019,806.56,806.56,3041.65,7907.85
深圳,2020,908.8,908.8,3537.84,9537.94
深圳,2021,799.59,799.59,2979.08,10319.29
深圳,2022,679.11,679.11,3391.54,10774.8
深圳,2023,762.0,762.0,3787.46,10995.05
深圳,2024,828.67,828.67,3219.45,9850.79
石家庄,2006,303.53,303.53,132.15,960.52
石家庄,2007,393.58,393.58,197.54,921.72
石家庄,2008,338.86,338.86,280.4,1571.47
石家庄,2009,349.76,349.76,378.22,2345.33
石家庄,2010,469.31,469.31,538.0,4251.48
石家庄,2011,922.24,922.24,789.14,4964.46
石家庄,2012,768.73,768.73,833.21,4677.18
石家庄,2013,951.21,951.21,928.15,5200.29
石家庄,2014,888.26,888.26,1025.33,4967.87
石家庄,2015,757.82,757.82,965.13,4083.9
石家庄,2016,798.42,798.42,1015.77,3963.23
石家庄,2017,1027.34,1027.34,1212.27,4242.72
石家庄,2018,844.69,844.69,1010.71,3713.92
石家庄,2019,782.28,782.28,887.64,3891.35
石家庄,2020,656.26,656.26,926.49,3702.6
石家庄,2021,720.29,720.29,951.32,4543.16
石家庄,2022,606.06,606.06,767.2,4338.26
石家庄,2023,586.75,586.75,521.01,3806.5
石家庄,2024,490.5,490.5,516.11,3427.73
福州,2006,664.58,664.58,296.78,2126.41
福州,2007,645.63,645.63,376.47,2431.91
福州,2008,370.66,370.66,313.61,2520.39
福州,2009,690.13,690.13,361.8,2626.72
福州,2010,597.8,597.8,670.69,3599.46
福州,2011,621.04,621.04,963.41,4939.0
福州,2012,841.5,841.5,972.27,5704.68
福州,2013,1256.49,1256.49,1264.79,6871.04
福州,2014,965.6,965.6,1455.07,7598.91
福州,2015,914.7,914.7,1381.12,7800.01
福州,2016,1221.33,1221.33,1679.44,7760.77
福州,2017,1685.46,1685.46,1694.18,7947.59
福州,2018,1711.05,1711.05,1439.68,7921.37
福州,2019,1708.19,1708.19,1812.77,8480.51
福州,2020,1888.1,1888.1,2070.23,8662.6
福州,2021,2138.49,2138.49,2248.81,8427.23
福州,2022,1419.7,1419.7,1663.87,7478.88
福州,2023,877.41,877.41,1085.97,6152.58
福州,2024,739.15,739.15,944.55,4717.68
西宁,2006,106.44,106.44,29.38,418.09
西宁,2007,139.55,139.55,31.6,537.13
西宁,2008,108.31,108.31,45.39,587.96
西宁,2009,154.68,154.68,63.84,723.64
西宁,2010,217.1,217.1,95.4,1146.0
西宁,2011,265.61,265.61,118.55,1284.27
西宁,2012,177.04,177.04,160.14,1479.95
西宁,2013,277.8,277.8,195.58,1840.4
西宁,2014,305.71,305.71,246.86,1808.27
西宁,2015,311.86,311.86,280.43,1893.55
西宁,2016,352.6,352.6,316.5,2146.77
西宁,2017,388.22,388.22,351.33,2235.27
西宁,2018,332.22,332.22,292.25,1875.88
西宁,2019,321.24,321.24,290.99,2084.14
西宁,2020,298.97,298.97,270.4,1824.51
西宁,2021,226.64,226.64,265.78,2036.39
西宁,2022,100.21,100.21,169.93,2009.58
西宁,2023,106.15,106.15,113.17,1909.76
西宁,2024,104.57,104.57,91.95,1539.89
西安,2006,621.5,621.5,285.76,2383.56
西安,2007,833.92,833.92,387.33,2915.95
西安,2008,767.23,767.23,545.71,3653.24
西安,2009,1256.02,1256.02,694.23,5683.31
西安,2010,1587.81,1587.81,842.34,6697.39
西安,2011,1768.52,1768.52,996.12,8238.88
西安,2012,1532.9,1532.9,1269.93,9893.11
西安,2013,1632.85,1632.85,1572.65,10297.63
西安,2014,1696.39,1696.39,1742.28,12332.19
西安,2015,1762.7,1762.7,1820.85,13332.63
西安,2016,2036.18,2036.18,1955.82,14686.85
西安,2017,2459.35,2459.35,2234.84,15408.82
西安,2018,2621.72,2621.72,2213.68,15238.05
西安,2019,2375.41,2375.41,2008.3,15870.82
西安,2020,2081.48,2081.48,2064.63,14472.23
西安,2021,1492.92,1492.92,1975.28,14452.47
西安,2022,1382.76,1382.76,2061.85,13735.56
西安,2023,1265.33,1265.33,2052.03,13712.3
西安,2024,1208.31,1208.31,2144.76,13117.8
贵阳,2006,387.72,387.72,107.69,1574.11
贵阳,2007,439.28,439.28,135.44,1936.54
贵阳,2008,411.93,411.93,170.11,2481.99
贵阳,2009,818.22,818.22,210.32,3094.2
贵阳,2010,801.56,801.56,310.47,3985.99
贵阳,2011,807.53,807.53,460.49,4596.2
贵阳,2012,1023.84,1023.84,901.03,5664.1
贵阳,2013,1282.01,1282.01,978.02,6467.52
贵阳,2014,935.55,935.55,1010.38,6815.79
贵阳,2015,959.55,959.55,1001.03,6847.81
贵阳,2016,981.87,981.87,927.32,6086.75
贵阳,2017,1068.67,1068.67,1024.09,5790.77
贵阳,2018,1114.56,1114.56,985.26,6058.28
贵阳,2019,1099.27,1099.27,1175.37,7961.95
贵阳,2020,1235.75,1235.75,1291.37,7875.4
贵阳,2021,1407.55,1407.55,1120.05,8178.96
贵阳,2022,829.14,829.14,753.02,7504.29
贵阳,2023,478.21,478.21,417.78,6930.79
贵阳,2024,507.07,507.07,437.48,5879.2
郑州,2006,800.82,800.82,229.89,2665.29
郑州,2007,1097.9,1097.9,298.76,3684.36
郑州,2008,736.85,736.85,434.96,4855.18
郑州,2009,1197.1,1197.1,512.32,5196.5
郑州,2010,1558.72,1558.72,775.16,6255.29
郑州,2011,1563.22,1563.22,926.31,7472.19
郑州,2012,1441.87,1441.87,1095.14,8253.94
郑州,2013,1621.89,1621.89,1445.33,9721.23
郑州,2014,1591.91,1591.91,1743.51,10574.15
郑州,2015,1898.67,1898.67,2000.2,10818.24
郑州,2016,2859.18,2859.18,2778.95,14229.97
郑州,2017,3097.81,3097.81,3358.84,16394.83
郑州,2018,3712.11,3712.11,3258.41,18643.11
郑州,2019,3593.27,3593.27,3349.86,19583.6
郑州,2020,3426.06,3426.06,3428.78,19444.77
郑州,2021,2699.38,2699.38,3088.88,20503.04
郑州,2022,1999.36,1999.36,2158.59,18651.25
郑州,2023,2027.8,2027.8,1863.87,17151.32
郑州,2024,1908.95,1908.95,1864.33,14890.09
重庆,2006,2228.46,2228.46,629.67,8864.37
重庆,2007,3552.92,3552.92,849.9,10578.84
重庆,2008,2872.19,2872.19,991.0,11639.27
重庆,2009,4002.89,4002.89,1238.91,13052.6
重庆,2010,4314.39,4314.39,1620.26,17138.5
重庆,2011,4533.5,4533.5,2015.1,20397.24
重庆,2012,4522.4,4522.4,2508.35,22009.03
重庆,2013,4817.56,4817.56,3012.78,26251.89
重庆,2014,5100.39,5100.39,3630.23,28623.93
重庆,2015,5381.37,5381.37,3751.28,28985.67
重庆,2016,6257.15,6257.15,3725.95,27363.39
重庆,2017,6711.0,6711.0,3980.08,25960.99
重庆,2018,6536.25,6536.25,4248.76,27226.56
重庆,2019,6104.68,6104.68,4439.3,27986.64
重庆,2020,6143.47,6143.47,4351.96,27368.16
重庆,2021,6197.71,6197.71,4354.96,26893.17
重庆,2022,4142.92,4142.92,3216.87,22646.9
重庆,2023,3557.25,3557.25,2796.71,20497.57
重庆,2024,2980.17,2980.17,2565.79,17107.13
银川,2006,239.99,239.99,57.68,776.62
银川,2007,335.97,335.97,62.72,836.94
银川,2008,307.73,307.73,78.62,1034.02
银川,2009,511.43,511.43,99.96,1283.9
银川,2010,590.04,590.04,172.13,1886.78
银川,2011,489.03,489.03,214.78,2460.14
银川,2012,450.26,450.26,275.7,2948.53
银川,2013,612.11,612.11,330.81,3522.66
银川,2014,724.59,724.59,388.9,4208.92
银川,2015,529.81,529.81,409.17,4231.36
银川,2016,564.86,564.86,474.94,4272.83
银川,2017,595.22,595.22,402.82,4144.19
银川,2018,612.83,612.83,295.25,3795.57
银川,2019,679.38,679.38,275.35,3799.45
银川,2020,751.75,751.75,311.43,3756.64
银川,2021,641.57,641.57,325.79,3704.85
银川,2022,403.71,403.71,273.8,3320.35
银川,2023,350.85,350.85,266.42,3094.76
银川,2024,262.76,262.76,253.24,2404.75
长春,2006,408.25,408.25,171.84,1365.52
长春,2007,513.77,513.77,259.5,2012.6
长春,2008,570.64,570.64,352.89,2202.34
长春,2009,715.72,715.72,443.93,2377.1
长春,2010,863.08,863.08,542.76,3089.42
长春,2011,879.14,879.14,666.42,4075.84
长春,2012,908.0,908.0,649.65,5123.72
长春,2013,847.06,847.06,611.78,5628.42
长春,2014,758.84,758.84,532.57,6058.49
长春,2015,799.12,799.12,501.32,6122.45
长春,2016,1017.75,1017.75,596.65,6522.22
长春,2017,1147.19,1147.19,573.78,6687.31
长春,2018,1288.44,1288.44,778.63,7216.32
长春,2019,1342.37,1342.37,876.79,7551.8
长春,2020,1054.41,1054.41,996.07,7614.3
长春,2021,1027.25,1027.25,1052.34,8496.34
长春,2022,540.77,540.77,661.96,7201.86
长春,2023,570.74,570.74,551.16,6409.17
长春,2024,530.41,530.41,412.51,6208.31
长沙,2006,741.69,741.69,303.86,2652.29
长沙,2007,978.56,978.56,407.05,3256.99
长沙,2008,858.74,858.74,493.27,4321.32
长沙,2009,1406.58,1406.58,497.35,6167.29
长沙,2010,1680.21,1680.21,684.1,6688.87
长沙,2011,1508.18,1508.18,926.01,7578.44
长沙,2012,1526.93,1526.93,1034.35,7376.26
长沙,2013,1861.56,1861.56,1157.63,8696.54
长沙,2014,1518.47,1518.47,1313.62,9688.6
长沙,2015,1907.91,1907.91,1006.84,9304.76
长沙,2016,2613.26,2613.26,1260.55,9679.47
长沙,2017,2260.79,2260.79,1493.44,9814.09
长沙,2018,2386.74,2386.74,1508.72,10702.85
长沙,2019,2335.15,2335.15,1672.96,11878.61
长沙,2020,2377.43,2377.43,1869.88,12746.11
长沙,2021,2606.17,2606.17,2236.88,12958.76
长沙,2022,1699.36,1699.36,2281.48,11720.07
长沙,2023,1556.78,1556.78,1888.7,9763.72
长沙,2024,1356.8,1356.8,1712.98,8240.56
青岛,2006,718.41,718.41,268.36,2751.19
青岛,2007,833.29,833.29,322.35,3223.76
青岛,2008,770.3,770.3,380.57,3772.74
青岛,2009,1261.86,1261.86,459.48,4309.94
青岛,2010,1360.69,1360.69,602.44,5058.4
青岛,2011,1029.91,1029.91,785.82,5698.84
青岛,2012,950.92,950.92,932.1,6497.69
青岛,2013,1160.16,1160.16,1048.52,7072.55
青岛,2014,1163.53,1163.53,1117.73,8170.67
青岛,2015,1418.58,1418.58,1122.35,8971.23
青岛,2016,1939.22,1939.22,1369.14,9100.73
青岛,2017,1900.74,1900.74,1330.54,9532.69
青岛,2018,1808.02,1808.02,1485.21,10390.38
青岛,2019,1651.83,1651.83,1803.81,11579.57
青岛,2020,1653.59,1653.59,2045.12,12528.4
青岛,2021,1644.52,1644.52,1982.34,13022.24
青岛,2022,1563.73,1563.73,1789.87,12056.28
青岛,2023,1454.85,1454.85,1729.32,10443.78
青岛,2024,1193.94,1193.94,1511.79,8130.43
