地区,年份,指标,值
北京,2024,房地产开发投资额,3758.29
天津,2024,房地产开发投资额,1262.23
石家庄,2024,房地产开发投资额,516.11
太原,2024,房地产开发投资额,507.68
呼和浩特,2024,房地产开发投资额,280.92
沈阳,2024,房地产开发投资额,510.47
大连,2024,房地产开发投资额,362.42
长春,2024,房地产开发投资额,412.51
哈尔滨,2024,房地产开发投资额,179.2
上海,2024,房地产开发投资额,6228.91
南京,2024,房地产开发投资额,2190.63
杭州,2024,房地产开发投资额,4222.17
宁波,2024,房地产开发投资额,1873.2
合肥,2024,房地产开发投资额,1582.46
福州,2024,房地产开发投资额,944.55
厦门,2024,房地产开发投资额,976.06
南昌,2024,房地产开发投资额,473.49
济南,2024,房地产开发投资额,1557.55
青岛,2024,房地产开发投资额,1511.79
郑州,2024,房地产开发投资额,1864.33
武汉,2024,房地产开发投资额,3332.08
长沙,2024,房地产开发投资额,1712.98
广州,2024,房地产开发投资额,3066.03
深圳,2024,房地产开发投资额,3219.45
南宁,2024,房地产开发投资额,444.12
海口,2024,房地产开发投资额,442.7
重庆,2024,房地产开发投资额,2565.79
成都,2024,房地产开发投资额,2415.38
贵阳,2024,房地产开发投资额,437.48
昆明,2024,房地产开发投资额,492.74
西安,2024,房地产开发投资额,2144.76
兰州,2024,房地产开发投资额,297.31
西宁,2024,房地产开发投资额,91.95
银川,2024,房地产开发投资额,253.24
乌鲁木齐,2024,房地产开发投资额,366.65
北京,2023,房地产开发投资额,4202.41
天津,2023,房地产开发投资额,1232.04
石家庄,2023,房地产开发投资额,521.01
太原,2023,房地产开发投资额,518.23
呼和浩特,2023,房地产开发投资额,234.58
沈阳,2023,房地产开发投资额,610.86
大连,2023,房地产开发投资额,458.13
长春,2023,房地产开发投资额,551.16
哈尔滨,2023,房地产开发投资额,228.21
上海,2023,房地产开发投资额,6062.04
南京,2023,房地产开发投资额,2764.36
杭州,2023,房地产开发投资额,4400.69
宁波,2023,房地产开发投资额,2218.61
合肥,2023,房地产开发投资额,1544.63
福州,2023,房地产开发投资额,1085.97
厦门,2023,房地产开发投资额,1435.6
南昌,2023,房地产开发投资额,496.63
济南,2023,房地产开发投资额,1489.24
青岛,2023,房地产开发投资额,1729.32
郑州,2023,房地产开发投资额,1863.87
武汉,2023,房地产开发投资额,3446.88
长沙,2023,房地产开发投资额,1888.7
广州,2023,房地产开发投资额,3311.45
深圳,2023,房地产开发投资额,3787.46
南宁,2023,房地产开发投资额,496.41
海口,2023,房地产开发投资额,482.25
重庆,2023,房地产开发投资额,2796.71
成都,2023,房地产开发投资额,2449.59
贵阳,2023,房地产开发投资额,417.78
昆明,2023,房地产开发投资额,634.26
西安,2023,房地产开发投资额,2052.03
兰州,2023,房地产开发投资额,401.54
西宁,2023,房地产开发投资额,113.17
银川,2023,房地产开发投资额,266.42
乌鲁木齐,2023,房地产开发投资额,358.08
北京,2022,房地产开发投资额,4178.46
天津,2022,房地产开发投资额,2127.94
石家庄,2022,房地产开发投资额,767.2
太原,2022,房地产开发投资额,541.41
呼和浩特,2022,房地产开发投资额,219.09
沈阳,2022,房地产开发投资额,940.31
大连,2022,房地产开发投资额,608.84
长春,2022,房地产开发投资额,661.96
哈尔滨,2022,房地产开发投资额,341.05
上海,2022,房地产开发投资额,4979.54
南京,2022,房地产开发投资额,2758.77
杭州,2022,房地产开发投资额,3889.1
宁波,2022,房地产开发投资额,2131.68
合肥,2022,房地产开发投资额,1457.09
福州,2022,房地产开发投资额,1663.87
厦门,2022,房地产开发投资额,1064.78
南昌,2022,房地产开发投资额,787.42
济南,2022,房地产开发投资额,1830.8
青岛,2022,房地产开发投资额,1789.87
郑州,2022,房地产开发投资额,2158.59
武汉,2022,房地产开发投资额,3366.79
长沙,2022,房地产开发投资额,2281.48
广州,2022,房地产开发投资额,3431.9
深圳,2022,房地产开发投资额,3391.54
南宁,2022,房地产开发投资额,743.83
海口,2022,房地产开发投资额,438.09
重庆,2022,房地产开发投资额,3216.87
成都,2022,房地产开发投资额,3271.72
贵阳,2022,房地产开发投资额,753.02
昆明,2022,房地产开发投资额,1487.0
西安,2022,房地产开发投资额,2061.85
兰州,2022,房地产开发投资额,486.45
西宁,2022,房地产开发投资额,169.93
银川,2022,房地产开发投资额,273.8
乌鲁木齐,2022,房地产开发投资额,311.95
北京,2021,房地产开发投资额,4139.03
天津,2021,房地产开发投资额,2769.98
石家庄,2021,房地产开发投资额,951.32
太原,2021,房地产开发投资额,665.47
呼和浩特,2021,房地产开发投资额,270.72
沈阳,2021,房地产开发投资额,1222.61
大连,2021,房地产开发投资额,728.95
长春,2021,房地产开发投资额,1052.34
哈尔滨,2021,房地产开发投资额,531.37
上海,2021,房地产开发投资额,5035.18
南京,2021,房地产开发投资额,2719.8
杭州,2021,房地产开发投资额,3628.33
宁波,2021,房地产开发投资额,2075.59
合肥,2021,房地产开发投资额,1466.42
福州,2021,房地产开发投资额,2248.81
厦门,2021,房地产开发投资额,1069.66
南昌,2021,房地产开发投资额,975.84
济南,2021,房地产开发投资额,1928.0
青岛,2021,房地产开发投资额,1982.34
郑州,2021,房地产开发投资额,3088.88
武汉,2021,房地产开发投资额,3254.62
长沙,2021,房地产开发投资额,2236.88
广州,2021,房地产开发投资额,3626.44
深圳,2021,房地产开发投资额,2979.08
南宁,2021,房地产开发投资额,1359.95
海口,2021,房地产开发投资额,452.45
重庆,2021,房地产开发投资额,4354.96
成都,2021,房地产开发投资额,3142.38
贵阳,2021,房地产开发投资额,1120.05
昆明,2021,房地产开发投资额,2149.06
西安,2021,房地产开发投资额,1975.28
兰州,2021,房地产开发投资额,602.76
西宁,2021,房地产开发投资额,265.78
银川,2021,房地产开发投资额,325.79
乌鲁木齐,2021,房地产开发投资额,537.77
北京,2020,房地产开发投资额,3938.71
天津,2020,房地产开发投资额,2608.54
石家庄,2020,房地产开发投资额,926.49
太原,2020,房地产开发投资额,714.82
呼和浩特,2020,房地产开发投资额,246.89
沈阳,2020,房地产开发投资额,1235.89
大连,2020,房地产开发投资额,753.06
长春,2020,房地产开发投资额,996.07
哈尔滨,2020,房地产开发投资额,622.05
上海,2020,房地产开发投资额,4698.75
南京,2020,房地产开发投资额,2631.4
杭州,2020,房地产开发投资额,3575.33
宁波,2020,房地产开发投资额,1818.88
合肥,2020,房地产开发投资额,1546.99
福州,2020,房地产开发投资额,2070.23
厦门,2020,房地产开发投资额,1055.76
南昌,2020,房地产开发投资额,971.57
济南,2020,房地产开发投资额,1707.63
青岛,2020,房地产开发投资额,2045.12
郑州,2020,房地产开发投资额,3428.78
武汉,2020,房地产开发投资额,2777.15
长沙,2020,房地产开发投资额,1869.88
广州,2020,房地产开发投资额,3293.95
深圳,2020,房地产开发投资额,3537.84
南宁,2020,房地产开发投资额,1378.2
海口,2020,房地产开发投资额,443.67
重庆,2020,房地产开发投资额,4351.96
成都,2020,房地产开发投资额,2847.64
贵阳,2020,房地产开发投资额,1291.37
昆明,2020,房地产开发投资额,2263.71
西安,2020,房地产开发投资额,2064.63
兰州,2020,房地产开发投资额,553.77
西宁,2020,房地产开发投资额,270.4
银川,2020,房地产开发投资额,311.43
乌鲁木齐,2020,房地产开发投资额,550.4
北京,2019,房地产开发投资额,3838.38
天津,2019,房地产开发投资额,2727.82
石家庄,2019,房地产开发投资额,887.64
太原,2019,房地产开发投资额,696.54
呼和浩特,2019,房地产开发投资额,175.22
沈阳,2019,房地产开发投资额,1174.8
大连,2019,房地产开发投资额,711.06
长春,2019,房地产开发投资额,876.79
哈尔滨,2019,房地产开发投资额,620.45
上海,2019,房地产开发投资额,4231.38
南京,2019,房地产开发投资额,2501.26
杭州,2019,房地产开发投资额,3396.75
宁波,2019,房地产开发投资额,1703.59
合肥,2019,房地产开发投资额,1556.08
福州,2019,房地产开发投资额,1812.77
厦门,2019,房地产开发投资额,899.53
南昌,2019,房地产开发投资额,913.04
济南,2019,房地产开发投资额,1489.38
青岛,2019,房地产开发投资额,1803.81
郑州,2019,房地产开发投资额,3349.86
武汉,2019,房地产开发投资额,2966.21
长沙,2019,房地产开发投资额,1672.96
广州,2019,房地产开发投资额,3102.26
深圳,2019,房地产开发投资额,3041.65
南宁,2019,房地产开发投资额,1461.08
海口,2019,房地产开发投资额,480.73
重庆,2019,房地产开发投资额,4439.3
成都,2019,房地产开发投资额,2611.71
贵阳,2019,房地产开发投资额,1175.37
昆明,2019,房地产开发投资额,2096.25
西安,2019,房地产开发投资额,2008.3
兰州,2019,房地产开发投资额,550.67
西宁,2019,房地产开发投资额,290.99
银川,2019,房地产开发投资额,275.35
乌鲁木齐,2019,房地产开发投资额,544.13
北京,2018,房地产开发投资额,3873.35
天津,2018,房地产开发投资额,2424.49
石家庄,2018,房地产开发投资额,1010.71
太原,2018,房地产开发投资额,529.41
呼和浩特,2018,房地产开发投资额,174.25
沈阳,2018,房地产开发投资额,996.72
大连,2018,房地产开发投资额,688.51
长春,2018,房地产开发投资额,778.63
哈尔滨,2018,房地产开发投资额,584.99
上海,2018,房地产开发投资额,4033.18
南京,2018,房地产开发投资额,2354.17
杭州,2018,房地产开发投资额,3068.9
宁波,2018,房地产开发投资额,1587.47
合肥,2018,房地产开发投资额,1527.17
福州,2018,房地产开发投资额,1439.68
厦门,2018,房地产开发投资额,884.58
南昌,2018,房地产开发投资额,890.43
济南,2018,房地产开发投资额,1370.43
青岛,2018,房地产开发投资额,1485.21
郑州,2018,房地产开发投资额,3258.41
武汉,2018,房地产开发投资额,2780.01
长沙,2018,房地产开发投资额,1508.72
广州,2018,房地产开发投资额,2701.93
深圳,2018,房地产开发投资额,2640.71
南宁,2018,房地产开发投资额,1106.36
海口,2018,房地产开发投资额,609.42
重庆,2018,房地产开发投资额,4248.76
成都,2018,房地产开发投资额,2273.16
贵阳,2018,房地产开发投资额,985.26
昆明,2018,房地产开发投资额,1839.79
西安,2018,房地产开发投资额,2213.68
兰州,2018,房地产开发投资额,575.22
西宁,2018,房地产开发投资额,292.25
银川,2018,房地产开发投资额,295.25
乌鲁木齐,2018,房地产开发投资额,659.15
北京,2017,房地产开发投资额,3692.54
天津,2017,房地产开发投资额,2233.39
石家庄,2017,房地产开发投资额,1212.27
太原,2017,房地产开发投资额,470.63
呼和浩特,2017,房地产开发投资额,238.4
沈阳,2017,房地产开发投资额,814.24
大连,2017,房地产开发投资额,566.64
长春,2017,房地产开发投资额,573.78
哈尔滨,2017,房地产开发投资额,498.59
上海,2017,房地产开发投资额,3856.53
南京,2017,房地产开发投资额,2170.21
杭州,2017,房地产开发投资额,2734.2
宁波,2017,房地产开发投资额,1374.47
合肥,2017,房地产开发投资额,1557.41
福州,2017,房地产开发投资额,1694.18
厦门,2017,房地产开发投资额,879.86
南昌,2017,房地产开发投资额,790.69
济南,2017,房地产开发投资额,1232.63
青岛,2017,房地产开发投资额,1330.54
郑州,2017,房地产开发投资额,3358.84
武汉,2017,房地产开发投资额,2686.34
长沙,2017,房地产开发投资额,1493.44
广州,2017,房地产开发投资额,2702.89
深圳,2017,房地产开发投资额,2130.86
南宁,2017,房地产开发投资额,958.09
海口,2017,房地产开发投资额,603.25
重庆,2017,房地产开发投资额,3980.08
成都,2017,房地产开发投资额,2492.65
贵阳,2017,房地产开发投资额,1024.09
昆明,2017,房地产开发投资额,1683.33
西安,2017,房地产开发投资额,2234.84
兰州,2017,房地产开发投资额,418.26
西宁,2017,房地产开发投资额,351.33
银川,2017,房地产开发投资额,402.82
乌鲁木齐,2017,房地产开发投资额,422.74
北京,2016,房地产开发投资额,4000.57
天津,2016,房地产开发投资额,2300.01
石家庄,2016,房地产开发投资额,1015.77
太原,2016,房地产开发投资额,681.9
呼和浩特,2016,房地产开发投资额,520.52
沈阳,2016,房地产开发投资额,709.67
大连,2016,房地产开发投资额,535.17
长春,2016,房地产开发投资额,596.65
哈尔滨,2016,房地产开发投资额,512.13
上海,2016,房地产开发投资额,3709.03
南京,2016,房地产开发投资额,1845.6
杭州,2016,房地产开发投资额,2606.41
宁波,2016,房地产开发投资额,1270.33
合肥,2016,房地产开发投资额,1352.59
福州,2016,房地产开发投资额,1679.44
厦门,2016,房地产开发投资额,765.8
南昌,2016,房地产开发投资额,674.6
济南,2016,房地产开发投资额,1163.94
青岛,2016,房地产开发投资额,1369.14
郑州,2016,房地产开发投资额,2778.95
武汉,2016,房地产开发投资额,2517.44
长沙,2016,房地产开发投资额,1260.55
广州,2016,房地产开发投资额,2540.85
深圳,2016,房地产开发投资额,1756.52
南宁,2016,房地产开发投资额,854.0
海口,2016,房地产开发投资额,551.09
重庆,2016,房地产开发投资额,3725.95
成都,2016,房地产开发投资额,2638.89
贵阳,2016,房地产开发投资额,927.32
昆明,2016,房地产开发投资额,1530.5
西安,2016,房地产开发投资额,1955.82
兰州,2016,房地产开发投资额,391.15
西宁,2016,房地产开发投资额,316.5
银川,2016,房地产开发投资额,474.94
乌鲁木齐,2016,房地产开发投资额,362.5
北京,2015,房地产开发投资额,4177.05
天津,2015,房地产开发投资额,1871.55
石家庄,2015,房地产开发投资额,965.13
太原,2015,房地产开发投资额,597.83
呼和浩特,2015,房地产开发投资额,509.05
沈阳,2015,房地产开发投资额,1337.66
大连,2015,房地产开发投资额,897.46
长春,2015,房地产开发投资额,501.32
哈尔滨,2015,房地产开发投资额,593.98
上海,2015,房地产开发投资额,3468.94
南京,2015,房地产开发投资额,1429.02
杭州,2015,房地产开发投资额,2472.6
宁波,2015,房地产开发投资额,1228.84
合肥,2015,房地产开发投资额,1259.14
福州,2015,房地产开发投资额,1381.12
厦门,2015,房地产开发投资额,774.07
南昌,2015,房地产开发投资额,485.37
济南,2015,房地产开发投资额,1014.4
青岛,2015,房地产开发投资额,1122.35
郑州,2015,房地产开发投资额,2000.2
武汉,2015,房地产开发投资额,2581.79
长沙,2015,房地产开发投资额,1006.84
广州,2015,房地产开发投资额,2137.59
深圳,2015,房地产开发投资额,1331.03
南宁,2015,房地产开发投资额,657.19
海口,2015,房地产开发投资额,456.39
重庆,2015,房地产开发投资额,3751.28
成都,2015,房地产开发投资额,2435.25
贵阳,2015,房地产开发投资额,1001.03
昆明,2015,房地产开发投资额,1451.31
西安,2015,房地产开发投资额,1820.85
兰州,2015,房地产开发投资额,320.56
西宁,2015,房地产开发投资额,280.43
银川,2015,房地产开发投资额,409.17
乌鲁木齐,2015,房地产开发投资额,366.87
北京,2014,房地产开发投资额,3715.33
天津,2014,房地产开发投资额,1699.65
石家庄,2014,房地产开发投资额,1025.33
太原,2014,房地产开发投资额,469.68
呼和浩特,2014,房地产开发投资额,563.13
沈阳,2014,房地产开发投资额,1975.82
大连,2014,房地产开发投资额,1429.34
长春,2014,房地产开发投资额,532.57
哈尔滨,2014,房地产开发投资额,686.66
上海,2014,房地产开发投资额,3206.48
南京,2014,房地产开发投资额,1125.49
杭州,2014,房地产开发投资额,2301.98
宁波,2014,房地产开发投资额,1328.14
合肥,2014,房地产开发投资额,1127.35
福州,2014,房地产开发投资额,1455.07
厦门,2014,房地产开发投资额,704.06
南昌,2014,房地产开发投资额,414.07
济南,2014,房地产开发投资额,917.54
青岛,2014,房地产开发投资额,1117.73
郑州,2014,房地产开发投资额,1743.51
武汉,2014,房地产开发投资额,2353.63
长沙,2014,房地产开发投资额,1313.62
广州,2014,房地产开发投资额,1816.15
深圳,2014,房地产开发投资额,1069.49
南宁,2014,房地产开发投资额,551.82
海口,2014,房地产开发投资额,300.47
重庆,2014,房地产开发投资额,3630.23
成都,2014,房地产开发投资额,2215.53
贵阳,2014,房地产开发投资额,1010.38
昆明,2014,房地产开发投资额,1492.62
西安,2014,房地产开发投资额,1742.28
兰州,2014,房地产开发投资额,317.08
西宁,2014,房地产开发投资额,246.86
银川,2014,房地产开发投资额,388.9
乌鲁木齐,2014,房地产开发投资额,329.98
北京,2013,房地产开发投资额,3483.4
天津,2013,房地产开发投资额,1480.82
石家庄,2013,房地产开发投资额,928.15
太原,2013,房地产开发投资额,416.23
呼和浩特,2013,房地产开发投资额,581.68
沈阳,2013,房地产开发投资额,2184.01
大连,2013,房地产开发投资额,1710.36
长春,2013,房地产开发投资额,611.78
哈尔滨,2013,房地产开发投资额,857.94
上海,2013,房地产开发投资额,2819.59
南京,2013,房地产开发投资额,1037.71
杭州,2013,房地产开发投资额,1853.28
宁波,2013,房地产开发投资额,1123.14
合肥,2013,房地产开发投资额,1105.81
福州,2013,房地产开发投资额,1264.79
厦门,2013,房地产开发投资额,531.8
南昌,2013,房地产开发投资额,406.14
济南,2013,房地产开发投资额,721.77
青岛,2013,房地产开发投资额,1048.52
郑州,2013,房地产开发投资额,1445.33
武汉,2013,房地产开发投资额,1905.6
长沙,2013,房地产开发投资额,1157.63
广州,2013,房地产开发投资额,1572.43
深圳,2013,房地产开发投资额,876.9
南宁,2013,房地产开发投资额,416.37
海口,2013,房地产开发投资额,256.4
重庆,2013,房地产开发投资额,3012.78
成都,2013,房地产开发投资额,2111.25
贵阳,2013,房地产开发投资额,978.02
昆明,2013,房地产开发投资额,1291.71
西安,2013,房地产开发投资额,1572.65
兰州,2013,房地产开发投资额,257.44
西宁,2013,房地产开发投资额,195.58
银川,2013,房地产开发投资额,330.81
乌鲁木齐,2013,房地产开发投资额,270.59
北京,2012,房地产开发投资额,3153.44
天津,2012,房地产开发投资额,1260.0
石家庄,2012,房地产开发投资额,833.21
太原,2012,房地产开发投资额,359.24
呼和浩特,2012,房地产开发投资额,447.99
沈阳,2012,房地产开发投资额,1942.96
大连,2012,房地产开发投资额,1396.52
长春,2012,房地产开发投资额,649.65
哈尔滨,2012,房地产开发投资额,789.04
上海,2012,房地产开发投资额,2381.36
南京,2012,房地产开发投资额,971.96
杭州,2012,房地产开发投资额,1597.36
宁波,2012,房地产开发投资额,884.35
合肥,2012,房地产开发投资额,913.8
福州,2012,房地产开发投资额,972.27
厦门,2012,房地产开发投资额,518.88
南昌,2012,房地产开发投资额,344.36
济南,2012,房地产开发投资额,664.01
青岛,2012,房地产开发投资额,932.1
郑州,2012,房地产开发投资额,1095.14
武汉,2012,房地产开发投资额,1574.86
长沙,2012,房地产开发投资额,1034.35
广州,2012,房地产开发投资额,1370.45
深圳,2012,房地产开发投资额,736.84
南宁,2012,房地产开发投资额,362.73
海口,2012,房地产开发投资额,175.66
重庆,2012,房地产开发投资额,2508.35
成都,2012,房地产开发投资额,1889.23
贵阳,2012,房地产开发投资额,901.03
昆明,2012,房地产开发投资额,919.07
西安,2012,房地产开发投资额,1269.93
兰州,2012,房地产开发投资额,209.74
西宁,2012,房地产开发投资额,160.14
银川,2012,房地产开发投资额,275.7
乌鲁木齐,2012,房地产开发投资额,220.69
北京,2011,房地产开发投资额,3036.31
天津,2011,房地产开发投资额,1080.25
石家庄,2011,房地产开发投资额,789.14
太原,2011,房地产开发投资额,310.55
呼和浩特,2011,房地产开发投资额,330.03
沈阳,2011,房地产开发投资额,1684.72
大连,2011,房地产开发投资额,1107.46
长春,2011,房地产开发投资额,666.42
哈尔滨,2011,房地产开发投资额,570.46
上海,2011,房地产开发投资额,2253.83
南京,2011,房地产开发投资额,871.76
杭州,2011,房地产开发投资额,1201.51
宁波,2011,房地产开发投资额,711.46
合肥,2011,房地产开发投资额,889.6
福州,2011,房地产开发投资额,963.41
厦门,2011,房地产开发投资额,438.12
南昌,2011,房地产开发投资额,279.89
济南,2011,房地产开发投资额,528.92
青岛,2011,房地产开发投资额,785.82
郑州,2011,房地产开发投资额,926.31
武汉,2011,房地产开发投资额,1282.25
长沙,2011,房地产开发投资额,926.01
广州,2011,房地产开发投资额,1305.56
深圳,2011,房地产开发投资额,514.74
南宁,2011,房地产开发投资额,392.42
海口,2011,房地产开发投资额,144.64
重庆,2011,房地产开发投资额,2015.1
成都,2011,房地产开发投资额,1588.22
贵阳,2011,房地产开发投资额,460.49
昆明,2011,房地产开发投资额,633.03
西安,2011,房地产开发投资额,996.12
兰州,2011,房地产开发投资额,154.84
西宁,2011,房地产开发投资额,118.55
银川,2011,房地产开发投资额,214.78
乌鲁木齐,2011,房地产开发投资额,194.29
北京,2010,房地产开发投资额,2901.07
天津,2010,房地产开发投资额,866.64
石家庄,2010,房地产开发投资额,538.0
太原,2010,房地产开发投资额,241.09
呼和浩特,2010,房地产开发投资额,254.35
沈阳,2010,房地产开发投资额,1450.08
大连,2010,房地产开发投资额,768.02
长春,2010,房地产开发投资额,542.76
哈尔滨,2010,房地产开发投资额,360.74
上海,2010,房地产开发投资额,1980.68
南京,2010,房地产开发投资额,748.35
杭州,2010,房地产开发投资额,956.2
宁波,2010,房地产开发投资额,557.27
合肥,2010,房地产开发投资额,819.03
福州,2010,房地产开发投资额,670.69
厦门,2010,房地产开发投资额,396.13
南昌,2010,房地产开发投资额,230.15
济南,2010,房地产开发投资额,484.5
青岛,2010,房地产开发投资额,602.44
郑州,2010,房地产开发投资额,775.16
武汉,2010,房地产开发投资额,1017.4
长沙,2010,房地产开发投资额,684.1
广州,2010,房地产开发投资额,983.66
深圳,2010,房地产开发投资额,458.47
南宁,2010,房地产开发投资额,322.82
海口,2010,房地产开发投资额,103.79
重庆,2010,房地产开发投资额,1620.26
成都,2010,房地产开发投资额,1278.34
贵阳,2010,房地产开发投资额,310.47
昆明,2010,房地产开发投资额,437.14
西安,2010,房地产开发投资额,842.34
兰州,2010,房地产开发投资额,118.28
西宁,2010,房地产开发投资额,95.4
银川,2010,房地产开发投资额,172.13
乌鲁木齐,2010,房地产开发投资额,143.03
北京,2009,房地产开发投资额,2337.71
天津,2009,房地产开发投资额,735.18
石家庄,2009,房地产开发投资额,378.22
太原,2009,房地产开发投资额,165.01
呼和浩特,2009,房地产开发投资额,178.99
沈阳,2009,房地产开发投资额,1188.7
大连,2009,房地产开发投资额,578.94
长春,2009,房地产开发投资额,443.93
哈尔滨,2009,房地产开发投资额,279.23
上海,2009,房地产开发投资额,1462.07
南京,2009,房地产开发投资额,595.68
杭州,2009,房地产开发投资额,704.68
宁波,2009,房地产开发投资额,374.51
合肥,2009,房地产开发投资额,670.36
福州,2009,房地产开发投资额,361.8
厦门,2009,房地产开发投资额,267.42
南昌,2009,房地产开发投资额,198.25
济南,2009,房地产开发投资额,332.56
青岛,2009,房地产开发投资额,459.48
郑州,2009,房地产开发投资额,512.32
武汉,2009,房地产开发投资额,778.59
长沙,2009,房地产开发投资额,497.35
广州,2009,房地产开发投资额,817.34
深圳,2009,房地产开发投资额,437.46
南宁,2009,房地产开发投资额,226.73
海口,2009,房地产开发投资额,78.44
重庆,2009,房地产开发投资额,1238.91
成都,2009,房地产开发投资额,945.14
贵阳,2009,房地产开发投资额,210.32
昆明,2009,房地产开发投资额,382.15
西安,2009,房地产开发投资额,694.23
兰州,2009,房地产开发投资额,99.08
西宁,2009,房地产开发投资额,63.84
银川,2009,房地产开发投资额,99.96
乌鲁木齐,2009,房地产开发投资额,113.3
北京,2008,房地产开发投资额,1908.74
天津,2008,房地产开发投资额,653.72
石家庄,2008,房地产开发投资额,280.4
太原,2008,房地产开发投资额,121.17
呼和浩特,2008,房地产开发投资额,177.07
沈阳,2008,房地产开发投资额,1010.91
大连,2008,房地产开发投资额,495.82
长春,2008,房地产开发投资额,352.89
哈尔滨,2008,房地产开发投资额,215.76
上海,2008,房地产开发投资额,1435.73
南京,2008,房地产开发投资额,508.17
杭州,2008,房地产开发投资额,615.41
宁波,2008,房地产开发投资额,307.75
合肥,2008,房地产开发投资额,567.16
福州,2008,房地产开发投资额,313.61
厦门,2008,房地产开发投资额,327.02
南昌,2008,房地产开发投资额,163.3
济南,2008,房地产开发投资额,274.12
青岛,2008,房地产开发投资额,380.57
郑州,2008,房地产开发投资额,434.96
武汉,2008,房地产开发投资额,560.36
长沙,2008,房地产开发投资额,493.27
广州,2008,房地产开发投资额,763.54
深圳,2008,房地产开发投资额,440.49
南宁,2008,房地产开发投资额,202.46
海口,2008,房地产开发投资额,76.17
重庆,2008,房地产开发投资额,991.0
成都,2008,房地产开发投资额,923.51
贵阳,2008,房地产开发投资额,170.11
昆明,2008,房地产开发投资额,274.2
西安,2008,房地产开发投资额,545.71
兰州,2008,房地产开发投资额,92.43
西宁,2008,房地产开发投资额,45.39
银川,2008,房地产开发投资额,78.62
乌鲁木齐,2008,房地产开发投资额,99.96
北京,2007,房地产开发投资额,1995.82
天津,2007,房地产开发投资额,505.3
石家庄,2007,房地产开发投资额,197.54
太原,2007,房地产开发投资额,94.82
呼和浩特,2007,房地产开发投资额,129.83
沈阳,2007,房地产开发投资额,730.36
大连,2007,房地产开发投资额,407.83
长春,2007,房地产开发投资额,259.5
哈尔滨,2007,房地产开发投资额,187.42
上海,2007,房地产开发投资额,1307.53
南京,2007,房地产开发投资额,445.97
杭州,2007,房地产开发投资额,518.79
宁波,2007,房地产开发投资额,332.89
合肥,2007,房地产开发投资额,387.53
福州,2007,房地产开发投资额,376.47
厦门,2007,房地产开发投资额,345.74
南昌,2007,房地产开发投资额,125.6
济南,2007,房地产开发投资额,193.21
青岛,2007,房地产开发投资额,322.35
郑州,2007,房地产开发投资额,298.76
武汉,2007,房地产开发投资额,459.75
长沙,2007,房地产开发投资额,407.05
广州,2007,房地产开发投资额,703.8
深圳,2007,房地产开发投资额,461.04
南宁,2007,房地产开发投资额,187.46
海口,2007,房地产开发投资额,59.97
重庆,2007,房地产开发投资额,849.9
成都,2007,房地产开发投资额,905.28
贵阳,2007,房地产开发投资额,135.44
昆明,2007,房地产开发投资额,228.02
西安,2007,房地产开发投资额,387.33
兰州,2007,房地产开发投资额,74.45
西宁,2007,房地产开发投资额,31.6
银川,2007,房地产开发投资额,62.72
乌鲁木齐,2007,房地产开发投资额,81.8
北京,2006,房地产开发投资额,1719.87
天津,2006,房地产开发投资额,402.32
石家庄,2006,房地产开发投资额,132.15
太原,2006,房地产开发投资额,80.32
呼和浩特,2006,房地产开发投资额,94.99
沈阳,2006,房地产开发投资额,538.29
大连,2006,房地产开发投资额,337.23
长春,2006,房地产开发投资额,171.84
哈尔滨,2006,房地产开发投资额,157.83
上海,2006,房地产开发投资额,1275.59
南京,2006,房地产开发投资额,351.17
杭州,2006,房地产开发投资额,442.65
宁波,2006,房地产开发投资额,313.58
合肥,2006,房地产开发投资额,281.81
福州,2006,房地产开发投资额,296.78
厦门,2006,房地产开发投资额,213.93
南昌,2006,房地产开发投资额,110.75
济南,2006,房地产开发投资额,160.05
青岛,2006,房地产开发投资额,268.36
郑州,2006,房地产开发投资额,229.89
武汉,2006,房地产开发投资额,366.15
长沙,2006,房地产开发投资额,303.86
广州,2006,房地产开发投资额,556.79
深圳,2006,房地产开发投资额,462.09
南宁,2006,房地产开发投资额,139.07
海口,2006,房地产开发投资额,50.47
重庆,2006,房地产开发投资额,629.67
成都,2006,房地产开发投资额,613.64
贵阳,2006,房地产开发投资额,107.69
昆明,2006,房地产开发投资额,188.93
西安,2006,房地产开发投资额,285.76
兰州,2006,房地产开发投资额,53.84
西宁,2006,房地产开发投资额,29.38
银川,2006,房地产开发投资额,57.68
乌鲁木齐,2006,房地产开发投资额,53.11
北京,2024,房地产施工面积,11309.53
天津,2024,房地产施工面积,7676.99
石家庄,2024,房地产施工面积,3427.73
太原,2024,房地产施工面积,6709.0
呼和浩特,2024,房地产施工面积,2319.75
沈阳,2024,房地产施工面积,4916.06
大连,2024,房地产施工面积,2894.95
长春,2024,房地产施工面积,6208.31
哈尔滨,2024,房地产施工面积,4450.94
上海,2024,房地产施工面积,16818.02
南京,2024,房地产施工面积,7180.39
杭州,2024,房地产施工面积,13399.9
宁波,2024,房地产施工面积,6687.44
合肥,2024,房地产施工面积,6490.97
福州,2024,房地产施工面积,4717.68
厦门,2024,房地产施工面积,3234.48
南昌,2024,房地产施工面积,3987.07
济南,2024,房地产施工面积,8042.65
青岛,2024,房地产施工面积,8130.43
郑州,2024,房地产施工面积,14890.09
武汉,2024,房地产施工面积,14437.71
长沙,2024,房地产施工面积,8240.56
广州,2024,房地产施工面积,12589.25
深圳,2024,房地产施工面积,9850.79
南宁,2024,房地产施工面积,7167.26
海口,2024,房地产施工面积,3087.01
重庆,2024,房地产施工面积,17107.13
成都,2024,房地产施工面积,16653.38
贵阳,2024,房地产施工面积,5879.2
昆明,2024,房地产施工面积,8558.41
西安,2024,房地产施工面积,13117.8
兰州,2024,房地产施工面积,3782.03
西宁,2024,房地产施工面积,1539.89
银川,2024,房地产施工面积,2404.75
乌鲁木齐,2024,房地产施工面积,5155.57
北京,2023,房地产施工面积,12531.34
天津,2023,房地产施工面积,9587.14
石家庄,2023,房地产施工面积,3806.5
太原,2023,房地产施工面积,7723.63
呼和浩特,2023,房地产施工面积,2919.84
沈阳,2023,房地产施工面积,6061.97
大连,2023,房地产施工面积,3383.46
长春,2023,房地产施工面积,6409.17
哈尔滨,2023,房地产施工面积,4933.32
上海,2023,房地产施工面积,17618.37
南京,2023,房地产施工面积,7467.23
杭州,2023,房地产施工面积,14362.92
宁波,2023,房地产施工面积,9569.29
合肥,2023,房地产施工面积,7412.33
福州,2023,房地产施工面积,6152.58
厦门,2023,房地产施工面积,3443.31
南昌,2023,房地产施工面积,4728.09
济南,2023,房地产施工面积,8137.75
青岛,2023,房地产施工面积,10443.78
郑州,2023,房地产施工面积,17151.32
武汉,2023,房地产施工面积,14456.27
长沙,2023,房地产施工面积,9763.72
广州,2023,房地产施工面积,12676.79
深圳,2023,房地产施工面积,10995.05
南宁,2023,房地产施工面积,9555.77
海口,2023,房地产施工面积,3810.5
重庆,2023,房地产施工面积,20497.57
成都,2023,房地产施工面积,17764.84
贵阳,2023,房地产施工面积,6930.79
昆明,2023,房地产施工面积,10361.0
西安,2023,房地产施工面积,13712.3
兰州,2023,房地产施工面积,4351.16
西宁,2023,房地产施工面积,1909.76
银川,2023,房地产施工面积,3094.76
乌鲁木齐,2023,房地产施工面积,5465.92
北京,2022,房地产施工面积,13333.15
天津,2022,房地产施工面积,11085.1
石家庄,2022,房地产施工面积,4338.26
太原,2022,房地产施工面积,8110.6
呼和浩特,2022,房地产施工面积,3110.87
沈阳,2022,房地产施工面积,6901.03
大连,2022,房地产施工面积,3739.93
长春,2022,房地产施工面积,7201.86
哈尔滨,2022,房地产施工面积,5134.83
上海,2022,房地产施工面积,16678.19
南京,2022,房地产施工面积,7845.46
杭州,2022,房地产施工面积,13281.27
宁波,2022,房地产施工面积,9660.77
合肥,2022,房地产施工面积,8106.44
福州,2022,房地产施工面积,7478.88
厦门,2022,房地产施工面积,3514.91
南昌,2022,房地产施工面积,4982.65
济南,2022,房地产施工面积,8678.88
青岛,2022,房地产施工面积,12056.28
郑州,2022,房地产施工面积,18651.25
武汉,2022,房地产施工面积,15842.6
长沙,2022,房地产施工面积,11720.07
广州,2022,房地产施工面积,12946.25
深圳,2022,房地产施工面积,10774.8
南宁,2022,房地产施工面积,10381.45
海口,2022,房地产施工面积,3542.17
重庆,2022,房地产施工面积,22646.9
成都,2022,房地产施工面积,19338.18
贵阳,2022,房地产施工面积,7504.29
昆明,2022,房地产施工面积,12051.99
西安,2022,房地产施工面积,13735.56
兰州,2022,房地产施工面积,4794.19
西宁,2022,房地产施工面积,2009.58
银川,2022,房地产施工面积,3320.35
乌鲁木齐,2022,房地产施工面积,5529.36
北京,2021,房地产施工面积,14055.32
天津,2021,房地产施工面积,12627.78
石家庄,2021,房地产施工面积,4543.16
太原,2021,房地产施工面积,8473.83
呼和浩特,2021,房地产施工面积,3318.21
沈阳,2021,房地产施工面积,8120.52
大连,2021,房地产施工面积,4099.94
长春,2021,房地产施工面积,8496.34
哈尔滨,2021,房地产施工面积,5406.34
上海,2021,房地产施工面积,16627.9
南京,2021,房地产施工面积,8597.29
杭州,2021,房地产施工面积,13291.26
宁波,2021,房地产施工面积,10778.64
合肥,2021,房地产施工面积,8284.96
福州,2021,房地产施工面积,8427.23
厦门,2021,房地产施工面积,3661.02
南昌,2021,房地产施工面积,5927.1
济南,2021,房地产施工面积,10156.54
青岛,2021,房地产施工面积,13022.24
郑州,2021,房地产施工面积,20503.04
武汉,2021,房地产施工面积,16251.62
长沙,2021,房地产施工面积,12958.76
广州,2021,房地产施工面积,12750.78
深圳,2021,房地产施工面积,10319.29
南宁,2021,房地产施工面积,11246.52
海口,2021,房地产施工面积,3369.06
重庆,2021,房地产施工面积,26893.17
成都,2021,房地产施工面积,19544.1
贵阳,2021,房地产施工面积,8178.96
昆明,2021,房地产施工面积,12826.85
西安,2021,房地产施工面积,14452.47
兰州,2021,房地产施工面积,5576.37
西宁,2021,房地产施工面积,2036.39
银川,2021,房地产施工面积,3704.85
乌鲁木齐,2021,房地产施工面积,6056.27
北京,2020,房地产施工面积,13918.64
天津,2020,房地产施工面积,12034.51
石家庄,2020,房地产施工面积,3702.6
太原,2020,房地产施工面积,7659.31
呼和浩特,2020,房地产施工面积,3152.4
沈阳,2020,房地产施工面积,7111.84
大连,2020,房地产施工面积,3711.92
长春,2020,房地产施工面积,7614.3
哈尔滨,2020,房地产施工面积,5490.29
上海,2020,房地产施工面积,15740.34
南京,2020,房地产施工面积,8663.99
杭州,2020,房地产施工面积,13315.09
宁波,2020,房地产施工面积,10575.61
合肥,2020,房地产施工面积,7998.95
福州,2020,房地产施工面积,8662.6
厦门,2020,房地产施工面积,3616.04
南昌,2020,房地产施工面积,6068.95
济南,2020,房地产施工面积,10353.04
青岛,2020,房地产施工面积,12528.4
郑州,2020,房地产施工面积,19444.77
武汉,2020,房地产施工面积,15565.89
长沙,2020,房地产施工面积,12746.11
广州,2020,房地产施工面积,11878.29
深圳,2020,房地产施工面积,9537.94
南宁,2020,房地产施工面积,10712.49
海口,2020,房地产施工面积,3370.64
重庆,2020,房地产施工面积,27368.16
成都,2020,房地产施工面积,19122.23
贵阳,2020,房地产施工面积,7875.4
昆明,2020,房地产施工面积,11359.07
西安,2020,房地产施工面积,14472.23
兰州,2020,房地产施工面积,5058.56
西宁,2020,房地产施工面积,1824.51
银川,2020,房地产施工面积,3756.64
乌鲁木齐,2020,房地产施工面积,5230.52
北京,2019,房地产施工面积,12514.99
天津,2019,房地产施工面积,11453.43
石家庄,2019,房地产施工面积,3891.35
太原,2019,房地产施工面积,7063.71
呼和浩特,2019,房地产施工面积,3464.82
沈阳,2019,房地产施工面积,6626.56
大连,2019,房地产施工面积,3855.62
长春,2019,房地产施工面积,7551.8
哈尔滨,2019,房地产施工面积,5509.27
上海,2019,房地产施工面积,14802.97
南京,2019,房地产施工面积,9001.67
杭州,2019,房地产施工面积,12000.92
宁波,2019,房地产施工面积,8347.74
合肥,2019,房地产施工面积,7874.2
福州,2019,房地产施工面积,8480.51
厦门,2019,房地产施工面积,4089.16
南昌,2019,房地产施工面积,6611.93
济南,2019,房地产施工面积,9431.52
青岛,2019,房地产施工面积,11579.57
郑州,2019,房地产施工面积,19583.6
武汉,2019,房地产施工面积,13556.46
长沙,2019,房地产施工面积,11878.61
广州,2019,房地产施工面积,11985.91
深圳,2019,房地产施工面积,7907.85
南宁,2019,房地产施工面积,9704.05
海口,2019,房地产施工面积,3439.31
重庆,2019,房地产施工面积,27986.64
成都,2019,房地产施工面积,20619.9
贵阳,2019,房地产施工面积,7961.95
昆明,2019,房地产施工面积,12236.93
西安,2019,房地产施工面积,15870.82
兰州,2019,房地产施工面积,5137.89
西宁,2019,房地产施工面积,2084.14
银川,2019,房地产施工面积,3799.45
乌鲁木齐,2019,房地产施工面积,4862.05
北京,2018,房地产施工面积,12962.61
天津,2018,房地产施工面积,10324.37
石家庄,2018,房地产施工面积,3713.92
太原,2018,房地产施工面积,6033.42
呼和浩特,2018,房地产施工面积,3504.62
沈阳,2018,房地产施工面积,6525.79
大连,2018,房地产施工面积,4219.82
长春,2018,房地产施工面积,7216.32
哈尔滨,2018,房地产施工面积,4673.76
上海,2018,房地产施工面积,14672.37
南京,2018,房地产施工面积,8656.96
杭州,2018,房地产施工面积,11755.16
宁波,2018,房地产施工面积,7472.48
合肥,2018,房地产施工面积,8233.22
福州,2018,房地产施工面积,7921.37
厦门,2018,房地产施工面积,4343.24
南昌,2018,房地产施工面积,6093.95
济南,2018,房地产施工面积,9117.03
青岛,2018,房地产施工面积,10390.38
郑州,2018,房地产施工面积,18643.11
武汉,2018,房地产施工面积,11759.79
长沙,2018,房地产施工面积,10702.85
广州,2018,房地产施工面积,10999.01
深圳,2018,房地产施工面积,6747.69
南宁,2018,房地产施工面积,8129.81
海口,2018,房地产施工面积,3337.73
重庆,2018,房地产施工面积,27226.56
成都,2018,房地产施工面积,19514.56
贵阳,2018,房地产施工面积,6058.28
昆明,2018,房地产施工面积,10293.44
西安,2018,房地产施工面积,15238.05
兰州,2018,房地产施工面积,4314.16
西宁,2018,房地产施工面积,1875.88
银川,2018,房地产施工面积,3795.57
乌鲁木齐,2018,房地产施工面积,4605.11
北京,2017,房地产施工面积,12412.74
天津,2017,房地产施工面积,8795.82
石家庄,2017,房地产施工面积,4242.72
太原,2017,房地产施工面积,5565.06
呼和浩特,2017,房地产施工面积,4170.59
沈阳,2017,房地产施工面积,6967.08
大连,2017,房地产施工面积,4477.89
长春,2017,房地产施工面积,6687.31
哈尔滨,2017,房地产施工面积,4482.15
上海,2017,房地产施工面积,15362.25
南京,2017,房地产施工面积,8163.04
杭州,2017,房地产施工面积,11527.37
宁波,2017,房地产施工面积,6833.12
合肥,2017,房地产施工面积,8283.56
福州,2017,房地产施工面积,7947.59
厦门,2017,房地产施工面积,4287.7
南昌,2017,房地产施工面积,5948.81
济南,2017,房地产施工面积,8014.94
青岛,2017,房地产施工面积,9532.69
郑州,2017,房地产施工面积,16394.83
武汉,2017,房地产施工面积,11912.98
长沙,2017,房地产施工面积,9814.09
广州,2017,房地产施工面积,10658.49
深圳,2017,房地产施工面积,5676.07
南宁,2017,房地产施工面积,7171.62
海口,2017,房地产施工面积,3336.61
重庆,2017,房地产施工面积,25960.99
成都,2017,房地产施工面积,19396.65
贵阳,2017,房地产施工面积,5790.77
昆明,2017,房地产施工面积,10090.2
西安,2017,房地产施工面积,15408.82
兰州,2017,房地产施工面积,4140.2
西宁,2017,房地产施工面积,2235.27
银川,2017,房地产施工面积,4144.19
乌鲁木齐,2017,房地产施工面积,4156.16
北京,2016,房地产施工面积,12976.0
天津,2016,房地产施工面积,9349.76
石家庄,2016,房地产施工面积,3963.23
太原,2016,房地产施工面积,5716.47
呼和浩特,2016,房地产施工面积,5133.32
沈阳,2016,房地产施工面积,7058.07
大连,2016,房地产施工面积,4655.07
长春,2016,房地产施工面积,6522.22
哈尔滨,2016,房地产施工面积,4842.49
上海,2016,房地产施工面积,15111.24
南京,2016,房地产施工面积,7691.41
杭州,2016,房地产施工面积,11567.82
宁波,2016,房地产施工面积,6565.28
合肥,2016,房地产施工面积,7818.54
福州,2016,房地产施工面积,7760.77
厦门,2016,房地产施工面积,4312.2
南昌,2016,房地产施工面积,4982.72
济南,2016,房地产施工面积,7920.35
青岛,2016,房地产施工面积,9100.73
郑州,2016,房地产施工面积,14229.97
武汉,2016,房地产施工面积,11803.1
长沙,2016,房地产施工面积,9679.47
广州,2016,房地产施工面积,10061.92
深圳,2016,房地产施工面积,5173.99
南宁,2016,房地产施工面积,6191.24
海口,2016,房地产施工面积,3081.9
重庆,2016,房地产施工面积,27363.39
成都,2016,房地产施工面积,19880.94
贵阳,2016,房地产施工面积,6086.75
昆明,2016,房地产施工面积,9518.45
西安,2016,房地产施工面积,14686.85
兰州,2016,房地产施工面积,4010.16
西宁,2016,房地产施工面积,2146.77
银川,2016,房地产施工面积,4272.83
乌鲁木齐,2016,房地产施工面积,3855.08
北京,2015,房地产施工面积,12993.08
天津,2015,房地产施工面积,10230.22
石家庄,2015,房地产施工面积,4083.9
太原,2015,房地产施工面积,4830.54
呼和浩特,2015,房地产施工面积,5574.45
沈阳,2015,房地产施工面积,8341.31
大连,2015,房地产施工面积,4911.5
长春,2015,房地产施工面积,6122.45
哈尔滨,2015,房地产施工面积,5578.78
上海,2015,房地产施工面积,15095.33
南京,2015,房地产施工面积,7084.44
杭州,2015,房地产施工面积,11145.9
宁波,2015,房地产施工面积,6737.89
合肥,2015,房地产施工面积,7199.3
福州,2015,房地产施工面积,7800.01
厦门,2015,房地产施工面积,4333.83
南昌,2015,房地产施工面积,4458.93
济南,2015,房地产施工面积,6633.99
青岛,2015,房地产施工面积,8971.23
郑州,2015,房地产施工面积,10818.24
武汉,2015,房地产施工面积,11062.52
长沙,2015,房地产施工面积,9304.76
广州,2015,房地产施工面积,9345.57
深圳,2015,房地产施工面积,4978.41
南宁,2015,房地产施工面积,5174.93
海口,2015,房地产施工面积,2571.66
重庆,2015,房地产施工面积,28985.67
成都,2015,房地产施工面积,18334.84
贵阳,2015,房地产施工面积,6847.81
昆明,2015,房地产施工面积,9200.41
西安,2015,房地产施工面积,13332.63
兰州,2015,房地产施工面积,3800.49
西宁,2015,房地产施工面积,1893.55
银川,2015,房地产施工面积,4231.36
乌鲁木齐,2015,房地产施工面积,3755.8
北京,2014,房地产施工面积,13588.08
天津,2014,房地产施工面积,10652.37
石家庄,2014,房地产施工面积,4967.87
太原,2014,房地产施工面积,4636.18
呼和浩特,2014,房地产施工面积,5860.47
沈阳,2014,房地产施工面积,11495.78
大连,2014,房地产施工面积,6279.66
长春,2014,房地产施工面积,6058.49
哈尔滨,2014,房地产施工面积,6086.31
上海,2014,房地产施工面积,14690.18
南京,2014,房地产施工面积,6540.23
杭州,2014,房地产施工面积,10506.53
宁波,2014,房地产施工面积,7422.16
合肥,2014,房地产施工面积,6986.81
福州,2014,房地产施工面积,7598.91
厦门,2014,房地产施工面积,4219.86
南昌,2014,房地产施工面积,4244.74
济南,2014,房地产施工面积,5265.66
青岛,2014,房地产施工面积,8170.67
郑州,2014,房地产施工面积,10574.15
武汉,2014,房地产施工面积,10238.43
长沙,2014,房地产施工面积,9688.6
广州,2014,房地产施工面积,9369.93
深圳,2014,房地产施工面积,4492.18
南宁,2014,房地产施工面积,4519.36
海口,2014,房地产施工面积,2252.04
重庆,2014,房地产施工面积,28623.93
成都,2014,房地产施工面积,17202.89
贵阳,2014,房地产施工面积,6815.79
昆明,2014,房地产施工面积,8772.72
西安,2014,房地产施工面积,12332.19
兰州,2014,房地产施工面积,3284.56
西宁,2014,房地产施工面积,1808.27
银川,2014,房地产施工面积,4208.92
乌鲁木齐,2014,房地产施工面积,3859.0
北京,2013,房地产施工面积,13886.87
天津,2013,房地产施工面积,10892.17
石家庄,2013,房地产施工面积,5200.29
太原,2013,房地产施工面积,4184.22
呼和浩特,2013,房地产施工面积,5805.39
沈阳,2013,房地产施工面积,11568.29
大连,2013,房地产施工面积,6396.17
长春,2013,房地产施工面积,5628.42
哈尔滨,2013,房地产施工面积,5947.06
上海,2013,房地产施工面积,13516.58
南京,2013,房地产施工面积,6156.48
杭州,2013,房地产施工面积,9327.52
宁波,2013,房地产施工面积,6833.96
合肥,2013,房地产施工面积,7015.32
福州,2013,房地产施工面积,6871.04
厦门,2013,房地产施工面积,3785.86
南昌,2013,房地产施工面积,3992.51
济南,2013,房地产施工面积,4815.08
青岛,2013,房地产施工面积,7072.55
郑州,2013,房地产施工面积,9721.23
武汉,2013,房地产施工面积,8545.13
长沙,2013,房地产施工面积,8696.54
广州,2013,房地产施工面积,8159.31
深圳,2013,房地产施工面积,4003.49
南宁,2013,房地产施工面积,3812.35
海口,2013,房地产施工面积,1805.89
重庆,2013,房地产施工面积,26251.89
成都,2013,房地产施工面积,15239.3
贵阳,2013,房地产施工面积,6467.52
昆明,2013,房地产施工面积,7705.66
西安,2013,房地产施工面积,10297.63
兰州,2013,房地产施工面积,2622.13
西宁,2013,房地产施工面积,1840.4
银川,2013,房地产施工面积,3522.66
乌鲁木齐,2013,房地产施工面积,3351.29
北京,2012,房地产施工面积,13122.49
天津,2012,房地产施工面积,9864.22
石家庄,2012,房地产施工面积,4677.18
太原,2012,房地产施工面积,3651.05
呼和浩特,2012,房地产施工面积,4442.06
沈阳,2012,房地产施工面积,11002.63
大连,2012,房地产施工面积,6213.43
长春,2012,房地产施工面积,5123.72
哈尔滨,2012,房地产施工面积,5577.06
上海,2012,房地产施工面积,13249.97
南京,2012,房地产施工面积,6050.06
杭州,2012,房地产施工面积,8288.95
宁波,2012,房地产施工面积,6080.51
合肥,2012,房地产施工面积,6071.64
福州,2012,房地产施工面积,5704.68
厦门,2012,房地产施工面积,3579.73
南昌,2012,房地产施工面积,3123.29
济南,2012,房地产施工面积,3819.44
青岛,2012,房地产施工面积,6497.69
郑州,2012,房地产施工面积,8253.94
武汉,2012,房地产施工面积,6862.97
长沙,2012,房地产施工面积,7376.26
广州,2012,房地产施工面积,7845.62
深圳,2012,房地产施工面积,3216.69
南宁,2012,房地产施工面积,3747.04
海口,2012,房地产施工面积,1591.47
重庆,2012,房地产施工面积,22009.03
成都,2012,房地产施工面积,14150.98
贵阳,2012,房地产施工面积,5664.1
昆明,2012,房地产施工面积,5885.0
西安,2012,房地产施工面积,9893.11
兰州,2012,房地产施工面积,2342.49
西宁,2012,房地产施工面积,1479.95
银川,2012,房地产施工面积,2948.53
乌鲁木齐,2012,房地产施工面积,2390.52
北京,2011,房地产施工面积,12065.38
天津,2011,房地产施工面积,9233.98
石家庄,2011,房地产施工面积,4964.46
太原,2011,房地产施工面积,2812.37
呼和浩特,2011,房地产施工面积,3418.0
沈阳,2011,房地产施工面积,10201.28
大连,2011,房地产施工面积,6193.38
长春,2011,房地产施工面积,4075.84
哈尔滨,2011,房地产施工面积,4599.29
上海,2011,房地产施工面积,13033.17
南京,2011,房地产施工面积,5644.43
杭州,2011,房地产施工面积,7709.15
宁波,2011,房地产施工面积,5209.81
合肥,2011,房地产施工面积,5699.53
福州,2011,房地产施工面积,4939.0
厦门,2011,房地产施工面积,3513.17
南昌,2011,房地产施工面积,2610.34
济南,2011,房地产施工面积,3506.34
青岛,2011,房地产施工面积,5698.84
郑州,2011,房地产施工面积,7472.19
武汉,2011,房地产施工面积,5994.11
长沙,2011,房地产施工面积,7578.44
广州,2011,房地产施工面积,7692.59
深圳,2011,房地产施工面积,2875.98
南宁,2011,房地产施工面积,3563.05
海口,2011,房地产施工面积,1180.51
重庆,2011,房地产施工面积,20397.24
成都,2011,房地产施工面积,12620.39
贵阳,2011,房地产施工面积,4596.2
昆明,2011,房地产施工面积,4443.6
西安,2011,房地产施工面积,8238.88
兰州,2011,房地产施工面积,1724.04
西宁,2011,房地产施工面积,1284.27
银川,2011,房地产施工面积,2460.14
乌鲁木齐,2011,房地产施工面积,1851.72
北京,2010,房地产施工面积,10300.86
天津,2010,房地产施工面积,7160.84
石家庄,2010,房地产施工面积,4251.48
太原,2010,房地产施工面积,2366.52
呼和浩特,2010,房地产施工面积,2461.13
沈阳,2010,房地产施工面积,8851.45
大连,2010,房地产施工面积,5060.54
长春,2010,房地产施工面积,3089.42
哈尔滨,2010,房地产施工面积,2939.04
上海,2010,房地产施工面积,11295.03
南京,2010,房地产施工面积,4570.49
杭州,2010,房地产施工面积,6227.05
宁波,2010,房地产施工面积,3820.7
合肥,2010,房地产施工面积,5338.63
福州,2010,房地产施工面积,3599.46
厦门,2010,房地产施工面积,3089.12
南昌,2010,房地产施工面积,2146.18
济南,2010,房地产施工面积,2363.53
青岛,2010,房地产施工面积,5058.4
郑州,2010,房地产施工面积,6255.29
武汉,2010,房地产施工面积,5055.86
长沙,2010,房地产施工面积,6688.87
广州,2010,房地产施工面积,6464.12
深圳,2010,房地产施工面积,2939.94
南宁,2010,房地产施工面积,3183.12
海口,2010,房地产施工面积,874.24
重庆,2010,房地产施工面积,17138.5
成都,2010,房地产施工面积,9778.9
贵阳,2010,房地产施工面积,3985.99
昆明,2010,房地产施工面积,3513.74
西安,2010,房地产施工面积,6697.39
兰州,2010,房地产施工面积,1467.21
西宁,2010,房地产施工面积,1146.0
银川,2010,房地产施工面积,1886.78
乌鲁木齐,2010,房地产施工面积,1509.36
北京,2009,房地产施工面积,9719.08
天津,2009,房地产施工面积,6052.16
石家庄,2009,房地产施工面积,2345.33
太原,2009,房地产施工面积,1772.7
呼和浩特,2009,房地产施工面积,1837.76
沈阳,2009,房地产施工面积,6847.89
大连,2009,房地产施工面积,3489.06
长春,2009,房地产施工面积,2377.1
哈尔滨,2009,房地产施工面积,1926.63
上海,2009,房地产施工面积,9949.45
南京,2009,房地产施工面积,4366.07
杭州,2009,房地产施工面积,5140.8
宁波,2009,房地产施工面积,3104.34
合肥,2009,房地产施工面积,4751.29
福州,2009,房地产施工面积,2626.72
厦门,2009,房地产施工面积,3094.96
南昌,2009,房地产施工面积,1782.03
济南,2009,房地产施工面积,2131.75
青岛,2009,房地产施工面积,4309.94
郑州,2009,房地产施工面积,5196.5
武汉,2009,房地产施工面积,4487.38
长沙,2009,房地产施工面积,6167.29
广州,2009,房地产施工面积,5551.91
深圳,2009,房地产施工面积,3112.36
南宁,2009,房地产施工面积,2620.22
海口,2009,房地产施工面积,675.61
重庆,2009,房地产施工面积,13052.6
成都,2009,房地产施工面积,8405.64
贵阳,2009,房地产施工面积,3094.2
昆明,2009,房地产施工面积,2877.58
西安,2009,房地产施工面积,5683.31
兰州,2009,房地产施工面积,1259.19
西宁,2009,房地产施工面积,723.64
银川,2009,房地产施工面积,1283.9
乌鲁木齐,2009,房地产施工面积,1288.66
北京,2008,房地产施工面积,10014.32
天津,2008,房地产施工面积,5704.27
石家庄,2008,房地产施工面积,1571.47
太原,2008,房地产施工面积,1310.14
呼和浩特,2008,房地产施工面积,1787.12
沈阳,2008,房地产施工面积,5848.51
大连,2008,房地产施工面积,3334.94
长春,2008,房地产施工面积,2202.34
哈尔滨,2008,房地产施工面积,1610.76
上海,2008,房地产施工面积,10784.23
南京,2008,房地产施工面积,4097.72
杭州,2008,房地产施工面积,4987.39
宁波,2008,房地产施工面积,3105.35
合肥,2008,房地产施工面积,4020.39
福州,2008,房地产施工面积,2520.39
厦门,2008,房地产施工面积,3447.88
南昌,2008,房地产施工面积,1825.93
济南,2008,房地产施工面积,1616.94
青岛,2008,房地产施工面积,3772.74
郑州,2008,房地产施工面积,4855.18
武汉,2008,房地产施工面积,3798.3
长沙,2008,房地产施工面积,4321.32
广州,2008,房地产施工面积,5543.16
深圳,2008,房地产施工面积,3272.12
南宁,2008,房地产施工面积,2231.86
海口,2008,房地产施工面积,687.73
重庆,2008,房地产施工面积,11639.27
成都,2008,房地产施工面积,7555.15
贵阳,2008,房地产施工面积,2481.99
昆明,2008,房地产施工面积,2177.29
西安,2008,房地产施工面积,3653.24
兰州,2008,房地产施工面积,1088.57
西宁,2008,房地产施工面积,587.96
银川,2008,房地产施工面积,1034.02
乌鲁木齐,2008,房地产施工面积,1044.0
北京,2007,房地产施工面积,10438.65
天津,2007,房地产施工面积,4836.49
石家庄,2007,房地产施工面积,921.72
太原,2007,房地产施工面积,1168.2
呼和浩特,2007,房地产施工面积,1567.12
沈阳,2007,房地产施工面积,5019.85
大连,2007,房地产施工面积,2754.48
长春,2007,房地产施工面积,2012.6
哈尔滨,2007,房地产施工面积,1502.22
上海,2007,房地产施工面积,10766.72
南京,2007,房地产施工面积,3582.75
杭州,2007,房地产施工面积,4775.62
宁波,2007,房地产施工面积,3014.33
合肥,2007,房地产施工面积,3169.31
福州,2007,房地产施工面积,2431.91
厦门,2007,房地产施工面积,2838.78
南昌,2007,房地产施工面积,1525.59
济南,2007,房地产施工面积,1219.5
青岛,2007,房地产施工面积,3223.76
郑州,2007,房地产施工面积,3684.36
武汉,2007,房地产施工面积,3195.41
长沙,2007,房地产施工面积,3256.99
广州,2007,房地产施工面积,5184.85
深圳,2007,房地产施工面积,3149.56
南宁,2007,房地产施工面积,2116.78
海口,2007,房地产施工面积,686.75
重庆,2007,房地产施工面积,10578.84
成都,2007,房地产施工面积,6472.53
贵阳,2007,房地产施工面积,1936.54
昆明,2007,房地产施工面积,1884.1
西安,2007,房地产施工面积,2915.95
兰州,2007,房地产施工面积,983.96
西宁,2007,房地产施工面积,537.13
银川,2007,房地产施工面积,836.94
乌鲁木齐,2007,房地产施工面积,915.33
北京,2006,房地产施工面积,10483.53
天津,2006,房地产施工面积,4142.6
石家庄,2006,房地产施工面积,960.52
太原,2006,房地产施工面积,1067.16
呼和浩特,2006,房地产施工面积,996.56
沈阳,2006,房地产施工面积,3455.96
大连,2006,房地产施工面积,2196.08
长春,2006,房地产施工面积,1365.52
哈尔滨,2006,房地产施工面积,1585.62
上海,2006,房地产施工面积,10938.75
南京,2006,房地产施工面积,3321.96
杭州,2006,房地产施工面积,4548.46
宁波,2006,房地产施工面积,2750.73
合肥,2006,房地产施工面积,2504.14
福州,2006,房地产施工面积,2126.41
厦门,2006,房地产施工面积,1996.95
南昌,2006,房地产施工面积,1341.06
济南,2006,房地产施工面积,1071.07
青岛,2006,房地产施工面积,2751.19
郑州,2006,房地产施工面积,2665.29
武汉,2006,房地产施工面积,2876.92
长沙,2006,房地产施工面积,2652.29
广州,2006,房地产施工面积,4847.76
深圳,2006,房地产施工面积,3122.1
南宁,2006,房地产施工面积,1751.86
海口,2006,房地产施工面积,710.92
重庆,2006,房地产施工面积,8864.37
成都,2006,房地产施工面积,4857.74
贵阳,2006,房地产施工面积,1574.11
昆明,2006,房地产施工面积,1568.76
西安,2006,房地产施工面积,2383.56
兰州,2006,房地产施工面积,908.06
西宁,2006,房地产施工面积,418.09
银川,2006,房地产施工面积,776.62
乌鲁木齐,2006,房地产施工面积,628.64
北京,2024,商品房销售额,1118.65
天津,2024,商品房销售额,1183.81
石家庄,2024,商品房销售额,490.5
太原,2024,商品房销售额,399.01
呼和浩特,2024,商品房销售额,186.1
沈阳,2024,商品房销售额,522.57
大连,2024,商品房销售额,292.72
长春,2024,商品房销售额,530.41
哈尔滨,2024,商品房销售额,313.86
上海,2024,商品房销售额,1656.86
南京,2024,商品房销售额,930.12
杭州,2024,商品房销售额,1038.06
宁波,2024,商品房销售额,796.27
合肥,2024,商品房销售额,974.03
福州,2024,商品房销售额,739.15
厦门,2024,商品房销售额,484.68
南昌,2024,商品房销售额,690.05
济南,2024,商品房销售额,1036.28
青岛,2024,商品房销售额,1193.94
郑州,2024,商品房销售额,1908.95
武汉,2024,商品房销售额,1998.3
长沙,2024,商品房销售额,1356.8
广州,2024,商品房销售额,1159.25
深圳,2024,商品房销售额,828.67
南宁,2024,商品房销售额,807.38
海口,2024,商品房销售额,381.19
重庆,2024,商品房销售额,2980.17
成都,2024,商品房销售额,1968.14
贵阳,2024,商品房销售额,507.07
昆明,2024,商品房销售额,639.02
西安,2024,商品房销售额,1208.31
兰州,2024,商品房销售额,305.75
西宁,2024,商品房销售额,104.57
银川,2024,商品房销售额,262.76
乌鲁木齐,2024,商品房销售额,409.01
北京,2023,商品房销售额,1131.82
天津,2023,商品房销售额,1178.51
石家庄,2023,商品房销售额,586.75
太原,2023,商品房销售额,532.78
呼和浩特,2023,商品房销售额,187.79
沈阳,2023,商品房销售额,530.33
大连,2023,商品房销售额,309.03
长春,2023,商品房销售额,570.74
哈尔滨,2023,商品房销售额,388.65
上海,2023,商品房销售额,1811.71
南京,2023,商品房销售额,906.77
杭州,2023,商品房销售额,1447.34
宁波,2023,商品房销售额,901.56
合肥,2023,商品房销售额,1109.25
福州,2023,商品房销售额,877.41
厦门,2023,商品房销售额,603.79
南昌,2023,商品房销售额,717.77
济南,2023,商品房销售额,1170.22
青岛,2023,商品房销售额,1454.85
郑州,2023,商品房销售额,2027.8
武汉,2023,商品房销售额,1972.96
长沙,2023,商品房销售额,1556.78
广州,2023,商品房销售额,1404.49
深圳,2023,商品房销售额,762.0
南宁,2023,商品房销售额,952.23
海口,2023,商品房销售额,325.79
重庆,2023,商品房销售额,3557.25
成都,2023,商品房销售额,2204.57
贵阳,2023,商品房销售额,478.21
昆明,2023,商品房销售额,749.49
西安,2023,商品房销售额,1265.33
兰州,2023,商品房销售额,335.75
西宁,2023,商品房销售额,106.15
银川,2023,商品房销售额,350.85
乌鲁木齐,2023,商品房销售额,549.0
北京,2022,商品房销售额,1039.98
天津,2022,商品房销售额,973.77
石家庄,2022,商品房销售额,606.06
太原,2022,商品房销售额,507.37
呼和浩特,2022,商品房销售额,145.83
沈阳,2022,商品房销售额,648.89
大连,2022,商品房销售额,434.33
长春,2022,商品房销售额,540.77
哈尔滨,2022,商品房销售额,408.97
上海,2022,商品房销售额,1852.88
南京,2022,商品房销售额,942.32
杭州,2022,商品房销售额,1393.66
宁波,2022,商品房销售额,1128.8
合肥,2022,商品房销售额,1459.18
福州,2022,商品房销售额,1419.7
厦门,2022,商品房销售额,607.63
南昌,2022,商品房销售额,1390.7
济南,2022,商品房销售额,1241.95
青岛,2022,商品房销售额,1563.73
郑州,2022,商品房销售额,1999.36
武汉,2022,商品房销售额,2122.34
长沙,2022,商品房销售额,1699.36
广州,2022,商品房销售额,1374.07
深圳,2022,商品房销售额,679.11
南宁,2022,商品房销售额,1324.72
海口,2022,商品房销售额,269.44
重庆,2022,商品房销售额,4142.92
成都,2022,商品房销售额,2549.4
贵阳,2022,商品房销售额,829.14
昆明,2022,商品房销售额,822.5
西安,2022,商品房销售额,1382.76
兰州,2022,商品房销售额,282.23
西宁,2022,商品房销售额,100.21
银川,2022,商品房销售额,403.71
乌鲁木齐,2022,商品房销售额,449.43
北京,2021,商品房销售额,1107.07
天津,2021,商品房销售额,1435.42
石家庄,2021,商品房销售额,720.29
太原,2021,商品房销售额,821.78
呼和浩特,2021,商品房销售额,309.66
沈阳,2021,商品房销售额,1092.7
大连,2021,商品房销售额,687.71
长春,2021,商品房销售额,1027.25
哈尔滨,2021,商品房销售额,609.45
上海,2021,商品房销售额,1880.45
南京,2021,商品房销售额,1510.95
杭州,2021,商品房销售额,2236.25
宁波,2021,商品房销售额,1606.23
合肥,2021,商品房销售额,1836.59
福州,2021,商品房销售额,2138.49
厦门,2021,商品房销售额,593.04
南昌,2021,商品房销售额,2019.49
济南,2021,商品房销售额,1548.2
青岛,2021,商品房销售额,1644.52
郑州,2021,商品房销售额,2699.38
武汉,2021,商品房销售额,2759.39
长沙,2021,商品房销售额,2606.17
广州,2021,商品房销售额,1736.31
深圳,2021,商品房销售额,799.59
南宁,2021,商品房销售额,1494.08
海口,2021,商品房销售额,484.6
重庆,2021,商品房销售额,6197.71
成都,2021,商品房销售额,3644.11
贵阳,2021,商品房销售额,1407.55
昆明,2021,商品房销售额,1297.56
西安,2021,商品房销售额,1492.92
兰州,2021,商品房销售额,799.58
西宁,2021,商品房销售额,226.64
银川,2021,商品房销售额,641.57
乌鲁木齐,2021,商品房销售额,764.16
北京,2020,商品房销售额,970.88
天津,2020,商品房销售额,1306.96
石家庄,2020,商品房销售额,656.26
太原,2020,商品房销售额,781.36
呼和浩特,2020,商品房销售额,413.76
沈阳,2020,商品房销售额,1381.32
大连,2020,商品房销售额,714.84
长春,2020,商品房销售额,1054.41
哈尔滨,2020,商品房销售额,768.5
上海,2020,商品房销售额,1789.16
南京,2020,商品房销售额,1324.67
杭州,2020,商品房销售额,1699.34
宁波,2020,商品房销售额,1858.2
合肥,2020,商品房销售额,1486.11
福州,2020,商品房销售额,1888.1
厦门,2020,商品房销售额,621.82
南昌,2020,商品房销售额,1770.83
济南,2020,商品房销售额,1335.75
青岛,2020,商品房销售额,1653.59
郑州,2020,商品房销售额,3426.06
武汉,2020,商品房销售额,2646.37
长沙,2020,商品房销售额,2377.43
广州,2020,商品房销售额,1539.4
深圳,2020,商品房销售额,908.8
南宁,2020,商品房销售额,1837.59
海口,2020,商品房销售额,463.74
重庆,2020,商品房销售额,6143.47
成都,2020,商品房销售额,3680.3
贵阳,2020,商品房销售额,1235.75
昆明,2020,商品房销售额,1878.8
西安,2020,商品房销售额,2081.48
兰州,2020,商品房销售额,846.48
西宁,2020,商品房销售额,298.97
银川,2020,商品房销售额,751.75
乌鲁木齐,2020,商品房销售额,716.09
北京,2019,商品房销售额,938.86
天津,2019,商品房销售额,1478.68
石家庄,2019,商品房销售额,782.28
太原,2019,商品房销售额,741.1
呼和浩特,2019,商品房销售额,326.0
沈阳,2019,商品房销售额,1453.53
大连,2019,商品房销售额,658.87
长春,2019,商品房销售额,1342.37
哈尔滨,2019,商品房销售额,964.78
上海,2019,商品房销售额,1696.34
南京,2019,商品房销售额,1320.65
杭州,2019,商品房销售额,1513.62
宁波,2019,商品房销售额,1714.64
合肥,2019,商品房销售额,1321.87
福州,2019,商品房销售额,1708.19
厦门,2019,商品房销售额,540.77
南昌,2019,商品房销售额,1906.13
济南,2019,商品房销售额,1151.0
青岛,2019,商品房销售额,1651.83
郑州,2019,商品房销售额,3593.27
武汉,2019,商品房销售额,3332.34
长沙,2019,商品房销售额,2335.15
广州,2019,商品房销售额,1464.64
深圳,2019,商品房销售额,806.56
南宁,2019,商品房销售额,1805.23
海口,2019,商品房销售额,440.56
重庆,2019,商品房销售额,6104.68
成都,2019,商品房销售额,3543.28
贵阳,2019,商品房销售额,1099.27
昆明,2019,商品房销售额,1916.23
西安,2019,商品房销售额,2375.41
兰州,2019,商品房销售额,718.44
西宁,2019,商品房销售额,321.24
银川,2019,商品房销售额,679.38
乌鲁木齐,2019,商品房销售额,657.42
北京,2018,商品房销售额,696.19
天津,2018,商品房销售额,1249.87
石家庄,2018,商品房销售额,844.69
太原,2018,商品房销售额,839.42
呼和浩特,2018,商品房销售额,396.05
沈阳,2018,商品房销售额,1354.82
大连,2018,商品房销售额,775.95
长春,2018,商品房销售额,1288.44
哈尔滨,2018,商品房销售额,1050.58
上海,2018,商品房销售额,1767.01
南京,2018,商品房销售额,1220.73
杭州,2018,商品房销售额,1675.98
宁波,2018,商品房销售额,1624.38
合肥,2018,商品房销售额,1389.58
福州,2018,商品房销售额,1711.05
厦门,2018,商品房销售额,529.42
南昌,2018,商品房销售额,1846.31
济南,2018,商品房销售额,1236.3
青岛,2018,商品房销售额,1808.02
郑州,2018,商品房销售额,3712.11
武汉,2018,商品房销售额,3646.94
长沙,2018,商品房销售额,2386.74
广州,2018,商品房销售额,1550.28
深圳,2018,商品房销售额,722.01
南宁,2018,商品房销售额,1745.19
海口,2018,商品房销售额,393.32
重庆,2018,商品房销售额,6536.25
成都,2018,商品房销售额,3682.52
贵阳,2018,商品房销售额,1114.56
昆明,2018,商品房销售额,1909.72
西安,2018,商品房销售额,2621.72
兰州,2018,商品房销售额,642.42
西宁,2018,商品房销售额,332.22
银川,2018,商品房销售额,612.83
乌鲁木齐,2018,商品房销售额,605.3
北京,2017,商品房销售额,869.95
天津,2017,商品房销售额,1482.12
石家庄,2017,商品房销售额,1027.34
太原,2017,商品房销售额,786.41
呼和浩特,2017,商品房销售额,316.51
沈阳,2017,商品房销售额,1300.24
大连,2017,商品房销售额,839.84
长春,2017,商品房销售额,1147.19
哈尔滨,2017,商品房销售额,1269.54
上海,2017,商品房销售额,1691.6
南京,2017,商品房销售额,1429.61
杭州,2017,商品房销售额,2054.11
宁波,2017,商品房销售额,1543.64
合肥,2017,商品房销售额,1283.4
福州,2017,商品房销售额,1685.46
厦门,2017,商品房销售额,527.88
南昌,2017,商品房销售额,1610.43
济南,2017,商品房销售额,1216.27
青岛,2017,商品房销售额,1900.74
郑州,2017,商品房销售额,3097.81
武汉,2017,商品房销售额,3532.61
长沙,2017,商品房销售额,2260.79
广州,2017,商品房销售额,1757.75
深圳,2017,商品房销售额,671.03
南宁,2017,商品房销售额,1544.13
海口,2017,商品房销售额,549.59
重庆,2017,商品房销售额,6711.0
成都,2017,商品房销售额,3925.91
贵阳,2017,商品房销售额,1068.67
昆明,2017,商品房销售额,1827.25
西安,2017,商品房销售额,2459.35
兰州,2017,商品房销售额,697.93
西宁,2017,商品房销售额,388.22
银川,2017,商品房销售额,595.22
乌鲁木齐,2017,商品房销售额,606.94
北京,2016,商品房销售额,1658.93
天津,2016,商品房销售额,2711.08
石家庄,2016,商品房销售额,798.42
太原,2016,商品房销售额,609.84
呼和浩特,2016,商品房销售额,425.49
沈阳,2016,商品房销售额,1184.32
大连,2016,商品房销售额,707.49
长春,2016,商品房销售额,1017.75
哈尔滨,2016,商品房销售额,1057.96
上海,2016,商品房销售额,2705.69
南京,2016,商品房销售额,1558.18
杭州,2016,商品房销售额,2327.86
宁波,2016,商品房销售额,1336.95
合肥,2016,商品房销售额,2098.34
福州,2016,商品房销售额,1221.33
厦门,2016,商品房销售额,528.86
南昌,2016,商品房销售额,1244.65
济南,2016,商品房销售额,1425.29
青岛,2016,商品房销售额,1939.22
郑州,2016,商品房销售额,2859.18
武汉,2016,商品房销售额,3255.66
长沙,2016,商品房销售额,2613.26
广州,2016,商品房销售额,1949.1
深圳,2016,商品房销售额,736.19
南宁,2016,商品房销售额,1327.53
海口,2016,商品房销售额,432.71
重庆,2016,商品房销售额,6257.15
成都,2016,商品房销售额,3928.77
贵阳,2016,商品房销售额,981.87
昆明,2016,商品房销售额,1520.87
西安,2016,商品房销售额,2036.18
兰州,2016,商品房销售额,828.79
西宁,2016,商品房销售额,352.6
银川,2016,商品房销售额,564.86
乌鲁木齐,2016,商品房销售额,582.0
北京,2015,商品房销售额,1554.25
天津,2015,商品房销售额,1771.07
石家庄,2015,商品房销售额,757.82
太原,2015,商品房销售额,448.28
呼和浩特,2015,商品房销售额,381.81
沈阳,2015,商品房销售额,1065.06
大连,2015,商品房销售额,637.33
长春,2015,商品房销售额,799.12
哈尔滨,2015,商品房销售额,895.98
上海,2015,商品房销售额,2431.36
南京,2015,商品房销售额,1543.16
杭州,2015,商品房销售额,1482.17
宁波,2015,商品房销售额,1007.21
合肥,2015,商品房销售额,1589.21
福州,2015,商品房销售额,914.7
厦门,2015,商品房销售额,570.83
南昌,2015,商品房销售额,901.02
济南,2015,商品房销售额,1192.12
青岛,2015,商品房销售额,1418.58
郑州,2015,商品房销售额,1898.67
武汉,2015,商品房销售额,2627.19
长沙,2015,商品房销售额,1907.91
广州,2015,商品房销售额,1653.07
深圳,2015,商品房销售额,831.46
南宁,2015,商品房销售额,1000.73
海口,2015,商品房销售额,373.4
重庆,2015,商品房销售额,5381.37
成都,2015,商品房销售额,2997.43
贵阳,2015,商品房销售额,959.55
昆明,2015,商品房销售额,1305.03
西安,2015,商品房销售额,1762.7
兰州,2015,商品房销售额,628.12
西宁,2015,商品房销售额,311.86
银川,2015,商品房销售额,529.81
乌鲁木齐,2015,商品房销售额,524.96
北京,2014,商品房销售额,1454.19
天津,2014,商品房销售额,1612.98
石家庄,2014,商品房销售额,888.26
太原,2014,商品房销售额,419.21
呼和浩特,2014,商品房销售额,363.91
沈阳,2014,商品房销售额,1498.4
大连,2014,商品房销售额,746.4
长春,2014,商品房销售额,758.84
哈尔滨,2014,商品房销售额,1041.05
上海,2014,商品房销售额,2084.66
南京,2014,商品房销售额,1207.58
杭州,2014,商品房销售额,1122.91
宁波,2014,商品房销售额,726.44
合肥,2014,商品房销售额,1594.79
福州,2014,商品房销售额,965.6
厦门,2014,商品房销售额,790.21
南昌,2014,商品房销售额,824.66
济南,2014,商品房销售额,865.35
青岛,2014,商品房销售额,1163.53
郑州,2014,商品房销售额,1591.91
武汉,2014,商品房销售额,2273.16
长沙,2014,商品房销售额,1518.47
广州,2014,商品房销售额,1540.02
深圳,2014,商品房销售额,532.57
南宁,2014,商品房销售额,802.57
海口,2014,商品房销售额,337.66
重庆,2014,商品房销售额,5100.39
成都,2014,商品房销售额,2951.3
贵阳,2014,商品房销售额,935.55
昆明,2014,商品房销售额,1289.37
西安,2014,商品房销售额,1696.39
兰州,2014,商品房销售额,480.36
西宁,2014,商品房销售额,305.71
银川,2014,商品房销售额,724.59
乌鲁木齐,2014,商品房销售额,461.79
北京,2013,商品房销售额,1903.11
天津,2013,商品房销售额,1847.11
石家庄,2013,商品房销售额,951.21
太原,2013,商品房销售额,423.31
呼和浩特,2013,商品房销售额,420.45
沈阳,2013,商品房销售额,2262.33
大连,2013,商品房销售额,1222.13
长春,2013,商品房销售额,847.06
哈尔滨,2013,商品房销售额,1370.48
上海,2013,商品房销售额,2382.2
南京,2013,商品房销售额,1222.01
杭州,2013,商品房销售额,1139.13
宁波,2013,商品房销售额,730.09
合肥,2013,商品房销售额,1628.09
福州,2013,商品房销售额,1256.49
厦门,2013,商品房销售额,786.71
南昌,2013,商品房销售额,841.49
济南,2013,商品房销售额,822.63
青岛,2013,商品房销售额,1160.16
郑州,2013,商品房销售额,1621.89
武汉,2013,商品房销售额,1995.36
长沙,2013,商品房销售额,1861.56
广州,2013,商品房销售额,1699.98
深圳,2013,商品房销售额,588.58
南宁,2013,商品房销售额,702.6
海口,2013,商品房销售额,338.19
重庆,2013,商品房销售额,4817.56
成都,2013,商品房销售额,2950.13
贵阳,2013,商品房销售额,1282.01
昆明,2013,商品房销售额,1211.2
西安,2013,商品房销售额,1632.85
兰州,2013,商品房销售额,253.46
西宁,2013,商品房销售额,277.8
银川,2013,商品房销售额,612.11
乌鲁木齐,2013,商品房销售额,535.67
北京,2012,商品房销售额,1943.74
天津,2012,商品房销售额,1661.69
石家庄,2012,商品房销售额,768.73
太原,2012,商品房销售额,324.81
呼和浩特,2012,商品房销售额,478.18
沈阳,2012,商品房销售额,2469.65
大连,2012,商品房销售额,1076.36
长春,2012,商品房销售额,908.0
哈尔滨,2012,商品房销售额,1195.28
上海,2012,商品房销售额,1898.46
南京,2012,商品房销售额,950.87
杭州,2012,商品房销售额,1089.62
宁波,2012,商品房销售额,590.22
合肥,2012,商品房销售额,1242.48
福州,2012,商品房销售额,841.5
厦门,2012,商品房销售额,615.34
南昌,2012,商品房销售额,689.86
济南,2012,商品房销售额,659.56
青岛,2012,商品房销售额,950.92
郑州,2012,商品房销售额,1441.87
武汉,2012,商品房销售额,1576.11
长沙,2012,商品房销售额,1526.93
广州,2012,商品房销售额,1333.13
深圳,2012,商品房销售额,525.83
南宁,2012,商品房销售额,629.01
海口,2012,商品房销售额,266.95
重庆,2012,商品房销售额,4522.4
成都,2012,商品房销售额,2844.09
贵阳,2012,商品房销售额,1023.84
昆明,2012,商品房销售额,1051.35
西安,2012,商品房销售额,1532.9
兰州,2012,商品房销售额,190.35
西宁,2012,商品房销售额,177.04
银川,2012,商品房销售额,450.26
乌鲁木齐,2012,商品房销售额,371.61
北京,2011,商品房销售额,1439.2
天津,2011,商品房销售额,1594.57
石家庄,2011,商品房销售额,922.24
太原,2011,商品房销售额,216.18
呼和浩特,2011,商品房销售额,449.71
沈阳,2011,商品房销售额,2165.17
大连,2011,商品房销售额,909.91
长春,2011,商品房销售额,879.14
哈尔滨,2011,商品房销售额,998.59
上海,2011,商品房销售额,1790.86
南京,2011,商品房销售额,767.71
杭州,2011,商品房销售额,738.04
宁波,2011,商品房销售额,526.53
合肥,2011,商品房销售额,1245.98
福州,2011,商品房销售额,621.04
厦门,2011,商品房销售额,445.39
南昌,2011,商品房销售额,499.13
济南,2011,商品房销售额,596.17
青岛,2011,商品房销售额,1029.91
郑州,2011,商品房销售额,1563.22
武汉,2011,商品房销售额,1329.34
长沙,2011,商品房销售额,1508.18
广州,2011,商品房销售额,1194.08
深圳,2011,商品房销售额,496.89
南宁,2011,商品房销售额,711.73
海口,2011,商品房销售额,221.8
重庆,2011,商品房销售额,4533.5
成都,2011,商品房销售额,2676.04
贵阳,2011,商品房销售额,807.53
昆明,2011,商品房销售额,1121.3
西安,2011,商品房销售额,1768.52
兰州,2011,商品房销售额,131.09
西宁,2011,商品房销售额,265.61
银川,2011,商品房销售额,489.03
乌鲁木齐,2011,商品房销售额,465.84
北京,2010,商品房销售额,1639.53
天津,2010,商品房销售额,1514.52
石家庄,2010,商品房销售额,469.31
太原,2010,商品房销售额,258.82
呼和浩特,2010,商品房销售额,471.88
沈阳,2010,商品房销售额,1746.52
大连,2010,商品房销售额,1215.33
长春,2010,商品房销售额,863.08
哈尔滨,2010,商品房销售额,881.75
上海,2010,商品房销售额,2060.96
南京,2010,商品房销售额,823.17
杭州,2010,商品房销售额,988.34
宁波,2010,商品房销售额,693.56
合肥,2010,商品房销售额,1004.7
福州,2010,商品房销售额,597.8
厦门,2010,商品房销售额,426.77
南昌,2010,商品房销售额,520.84
济南,2010,商品房销售额,531.49
青岛,2010,商品房销售额,1360.69
郑州,2010,商品房销售额,1558.72
武汉,2010,商品房销售额,1211.71
长沙,2010,商品房销售额,1680.21
广州,2010,商品房销售额,1405.13
深圳,2010,商品房销售额,465.59
南宁,2010,商品房销售额,669.4
海口,2010,商品房销售额,209.76
重庆,2010,商品房销售额,4314.39
成都,2010,商品房销售额,2559.28
贵阳,2010,商品房销售额,801.56
昆明,2010,商品房销售额,1241.01
西安,2010,商品房销售额,1587.81
兰州,2010,商品房销售额,228.21
西宁,2010,商品房销售额,217.1
银川,2010,商品房销售额,590.04
乌鲁木齐,2010,商品房销售额,444.61
北京,2009,商品房销售额,2362.25
天津,2009,商品房销售额,1590.02
石家庄,2009,商品房销售额,349.76
太原,2009,商品房销售额,183.8
呼和浩特,2009,商品房销售额,379.58
沈阳,2009,商品房销售额,1532.93
大连,2009,商品房销售额,1152.68
长春,2009,商品房销售额,715.72
哈尔滨,2009,商品房销售额,705.28
上海,2009,商品房销售额,3372.45
南京,2009,商品房销售额,1186.94
杭州,2009,商品房销售额,1456.38
宁波,2009,商品房销售额,815.18
合肥,2009,商品房销售额,1297.95
福州,2009,商品房销售额,690.13
厦门,2009,商品房销售额,529.29
南昌,2009,商品房销售额,494.69
济南,2009,商品房销售额,441.06
青岛,2009,商品房销售额,1261.86
郑州,2009,商品房销售额,1197.1
武汉,2009,商品房销售额,1086.99
长沙,2009,商品房销售额,1406.58
广州,2009,商品房销售额,1375.42
深圳,2009,商品房销售额,762.15
南宁,2009,商品房销售额,731.74
海口,2009,商品房销售额,191.78
重庆,2009,商品房销售额,4002.89
成都,2009,商品房销售额,2708.76
贵阳,2009,商品房销售额,818.22
昆明,2009,商品房销售额,853.27
西安,2009,商品房销售额,1256.02
兰州,2009,商品房销售额,244.03
西宁,2009,商品房销售额,154.68
银川,2009,商品房销售额,511.43
乌鲁木齐,2009,商品房销售额,537.27
北京,2008,商品房销售额,1335.37
天津,2008,商品房销售额,1252.04
石家庄,2008,商品房销售额,338.86
太原,2008,商品房销售额,182.94
呼和浩特,2008,商品房销售额,331.89
沈阳,2008,商品房销售额,1465.05
大连,2008,商品房销售额,822.71
长春,2008,商品房销售额,570.64
哈尔滨,2008,商品房销售额,587.08
上海,2008,商品房销售额,2339.29
南京,2008,商品房销售额,703.55
杭州,2008,商品房销售额,775.02
宁波,2008,商品房销售额,448.38
合肥,2008,商品房销售额,933.13
福州,2008,商品房销售额,370.66
厦门,2008,商品房销售额,389.47
南昌,2008,商品房销售额,335.48
济南,2008,商品房销售额,371.16
青岛,2008,商品房销售额,770.3
郑州,2008,商品房销售额,736.85
武汉,2008,商品房销售额,732.07
长沙,2008,商品房销售额,858.74
广州,2008,商品房销售额,1024.96
深圳,2008,商品房销售额,466.71
南宁,2008,商品房销售额,497.23
海口,2008,商品房销售额,176.29
重庆,2008,商品房销售额,2872.19
成都,2008,商品房销售额,1459.5
贵阳,2008,商品房销售额,411.93
昆明,2008,商品房销售额,585.92
西安,2008,商品房销售额,767.23
兰州,2008,商品房销售额,140.17
西宁,2008,商品房销售额,108.31
银川,2008,商品房销售额,307.73
乌鲁木齐,2008,商品房销售额,296.1
北京,2007,商品房销售额,2176.57
天津,2007,商品房销售额,1548.59
石家庄,2007,商品房销售额,393.58
太原,2007,商品房销售额,167.23
呼和浩特,2007,商品房销售额,225.89
沈阳,2007,商品房销售额,1462.04
大连,2007,商品房销售额,828.24
长春,2007,商品房销售额,513.77
哈尔滨,2007,商品房销售额,748.95
上海,2007,商品房销售额,3694.96
南京,2007,商品房销售额,1137.88
杭州,2007,商品房销售额,1150.28
宁波,2007,商品房销售额,804.43
合肥,2007,商品房销售额,1042.69
福州,2007,商品房销售额,645.63
厦门,2007,商品房销售额,497.7
南昌,2007,商品房销售额,478.99
济南,2007,商品房销售额,320.24
青岛,2007,商品房销售额,833.29
郑州,2007,商品房销售额,1097.9
武汉,2007,商品房销售额,1135.41
长沙,2007,商品房销售额,978.56
广州,2007,商品房销售额,1351.33
深圳,2007,商品房销售额,555.11
南宁,2007,商品房销售额,628.84
海口,2007,商品房销售额,170.46
重庆,2007,商品房销售额,3552.92
成都,2007,商品房销售额,2225.5
贵阳,2007,商品房销售额,439.28
昆明,2007,商品房销售额,928.82
西安,2007,商品房销售额,833.92
兰州,2007,商品房销售额,268.98
西宁,2007,商品房销售额,139.55
银川,2007,商品房销售额,335.97
乌鲁木齐,2007,商品房销售额,498.69
北京,2006,商品房销售额,2607.62
天津,2006,商品房销售额,1458.6
石家庄,2006,商品房销售额,303.53
太原,2006,商品房销售额,137.23
呼和浩特,2006,商品房销售额,215.32
沈阳,2006,商品房销售额,1243.79
大连,2006,商品房销售额,628.78
长春,2006,商品房销售额,408.25
哈尔滨,2006,商品房销售额,674.41
上海,2006,商品房销售额,3025.4
南京,2006,商品房销售额,1010.5
杭州,2006,商品房销售额,761.76
宁波,2006,商品房销售额,609.31
合肥,2006,商品房销售额,650.31
福州,2006,商品房销售额,664.58
厦门,2006,商品房销售额,433.27
南昌,2006,商品房销售额,383.51
济南,2006,商品房销售额,284.66
青岛,2006,商品房销售额,718.41
郑州,2006,商品房销售额,800.82
武汉,2006,商品房销售额,960.88
长沙,2006,商品房销售额,741.69
广州,2006,商品房销售额,1316.88
深圳,2006,商品房销售额,749.08
南宁,2006,商品房销售额,456.0
海口,2006,商品房销售额,141.64
重庆,2006,商品房销售额,2228.46
成都,2006,商品房销售额,1590.56
贵阳,2006,商品房销售额,387.72
昆明,2006,商品房销售额,913.3
西安,2006,商品房销售额,621.5
兰州,2006,商品房销售额,208.63
西宁,2006,商品房销售额,106.44
银川,2006,商品房销售额,239.99
乌鲁木齐,2006,商品房销售额,413.45
北京,2024,商品房销售面积,1118.65
天津,2024,商品房销售面积,1183.81
石家庄,2024,商品房销售面积,490.5
太原,2024,商品房销售面积,399.01
呼和浩特,2024,商品房销售面积,186.1
沈阳,2024,商品房销售面积,522.57
大连,2024,商品房销售面积,292.72
长春,2024,商品房销售面积,530.41
哈尔滨,2024,商品房销售面积,313.86
上海,2024,商品房销售面积,1656.86
南京,2024,商品房销售面积,930.12
杭州,2024,商品房销售面积,1038.06
宁波,2024,商品房销售面积,796.27
合肥,2024,商品房销售面积,974.03
福州,2024,商品房销售面积,739.15
厦门,2024,商品房销售面积,484.68
南昌,2024,商品房销售面积,690.05
济南,2024,商品房销售面积,1036.28
青岛,2024,商品房销售面积,1193.94
郑州,2024,商品房销售面积,1908.95
武汉,2024,商品房销售面积,1998.3
长沙,2024,商品房销售面积,1356.8
广州,2024,商品房销售面积,1159.25
深圳,2024,商品房销售面积,828.67
南宁,2024,商品房销售面积,807.38
海口,2024,商品房销售面积,381.19
重庆,2024,商品房销售面积,2980.17
成都,2024,商品房销售面积,1968.14
贵阳,2024,商品房销售面积,507.07
昆明,2024,商品房销售面积,639.02
西安,2024,商品房销售面积,1208.31
兰州,2024,商品房销售面积,305.75
西宁,2024,商品房销售面积,104.57
银川,2024,商品房销售面积,262.76
乌鲁木齐,2024,商品房销售面积,409.01
北京,2023,商品房销售面积,1131.82
天津,2023,商品房销售面积,1178.51
石家庄,2023,商品房销售面积,586.75
太原,2023,商品房销售面积,532.78
呼和浩特,2023,商品房销售面积,187.79
沈阳,2023,商品房销售面积,530.33
大连,2023,商品房销售面积,309.03
长春,2023,商品房销售面积,570.74
哈尔滨,2023,商品房销售面积,388.65
上海,2023,商品房销售面积,1811.71
南京,2023,商品房销售面积,906.77
杭州,2023,商品房销售面积,1447.34
宁波,2023,商品房销售面积,901.56
合肥,2023,商品房销售面积,1109.25
福州,2023,商品房销售面积,877.41
厦门,2023,商品房销售面积,603.79
南昌,2023,商品房销售面积,717.77
济南,2023,商品房销售面积,1170.22
青岛,2023,商品房销售面积,1454.85
郑州,2023,商品房销售面积,2027.8
武汉,2023,商品房销售面积,1972.96
长沙,2023,商品房销售面积,1556.78
广州,2023,商品房销售面积,1404.49
深圳,2023,商品房销售面积,762.0
南宁,2023,商品房销售面积,952.23
海口,2023,商品房销售面积,325.79
重庆,2023,商品房销售面积,3557.25
成都,2023,商品房销售面积,2204.57
贵阳,2023,商品房销售面积,478.21
昆明,2023,商品房销售面积,749.49
西安,2023,商品房销售面积,1265.33
兰州,2023,商品房销售面积,335.75
西宁,2023,商品房销售面积,106.15
银川,2023,商品房销售面积,350.85
乌鲁木齐,2023,商品房销售面积,549.0
北京,2022,商品房销售面积,1039.98
天津,2022,商品房销售面积,973.77
石家庄,2022,商品房销售面积,606.06
太原,2022,商品房销售面积,507.37
呼和浩特,2022,商品房销售面积,145.83
沈阳,2022,商品房销售面积,648.89
大连,2022,商品房销售面积,434.33
长春,2022,商品房销售面积,540.77
哈尔滨,2022,商品房销售面积,408.97
上海,2022,商品房销售面积,1852.88
南京,2022,商品房销售面积,942.32
杭州,2022,商品房销售面积,1393.66
宁波,2022,商品房销售面积,1128.8
合肥,2022,商品房销售面积,1459.18
福州,2022,商品房销售面积,1419.7
厦门,2022,商品房销售面积,607.63
南昌,2022,商品房销售面积,1390.7
济南,2022,商品房销售面积,1241.95
青岛,2022,商品房销售面积,1563.73
郑州,2022,商品房销售面积,1999.36
武汉,2022,商品房销售面积,2122.34
长沙,2022,商品房销售面积,1699.36
广州,2022,商品房销售面积,1374.07
深圳,2022,商品房销售面积,679.11
南宁,2022,商品房销售面积,1324.72
海口,2022,商品房销售面积,269.44
重庆,2022,商品房销售面积,4142.92
成都,2022,商品房销售面积,2549.4
贵阳,2022,商品房销售面积,829.14
昆明,2022,商品房销售面积,822.5
西安,2022,商品房销售面积,1382.76
兰州,2022,商品房销售面积,282.23
西宁,2022,商品房销售面积,100.21
银川,2022,商品房销售面积,403.71
乌鲁木齐,2022,商品房销售面积,449.43
北京,2021,商品房销售面积,1107.07
天津,2021,商品房销售面积,1435.42
石家庄,2021,商品房销售面积,720.29
太原,2021,商品房销售面积,821.78
呼和浩特,2021,商品房销售面积,309.66
沈阳,2021,商品房销售面积,1092.7
大连,2021,商品房销售面积,687.71
长春,2021,商品房销售面积,1027.25
哈尔滨,2021,商品房销售面积,609.45
上海,2021,商品房销售面积,1880.45
南京,2021,商品房销售面积,1510.95
杭州,2021,商品房销售面积,2236.25
宁波,2021,商品房销售面积,1606.23
合肥,2021,商品房销售面积,1836.59
福州,2021,商品房销售面积,2138.49
厦门,2021,商品房销售面积,593.04
南昌,2021,商品房销售面积,2019.49
济南,2021,商品房销售面积,1548.2
青岛,2021,商品房销售面积,1644.52
郑州,2021,商品房销售面积,2699.38
武汉,2021,商品房销售面积,2759.39
长沙,2021,商品房销售面积,2606.17
广州,2021,商品房销售面积,1736.31
深圳,2021,商品房销售面积,799.59
南宁,2021,商品房销售面积,1494.08
海口,2021,商品房销售面积,484.6
重庆,2021,商品房销售面积,6197.71
成都,2021,商品房销售面积,3644.11
贵阳,2021,商品房销售面积,1407.55
昆明,2021,商品房销售面积,1297.56
西安,2021,商品房销售面积,1492.92
兰州,2021,商品房销售面积,799.58
西宁,2021,商品房销售面积,226.64
银川,2021,商品房销售面积,641.57
乌鲁木齐,2021,商品房销售面积,764.16
北京,2020,商品房销售面积,970.88
天津,2020,商品房销售面积,1306.96
石家庄,2020,商品房销售面积,656.26
太原,2020,商品房销售面积,781.36
呼和浩特,2020,商品房销售面积,413.76
沈阳,2020,商品房销售面积,1381.32
大连,2020,商品房销售面积,714.84
长春,2020,商品房销售面积,1054.41
哈尔滨,2020,商品房销售面积,768.5
上海,2020,商品房销售面积,1789.16
南京,2020,商品房销售面积,1324.67
杭州,2020,商品房销售面积,1699.34
宁波,2020,商品房销售面积,1858.2
合肥,2020,商品房销售面积,1486.11
福州,2020,商品房销售面积,1888.1
厦门,2020,商品房销售面积,621.82
南昌,2020,商品房销售面积,1770.83
济南,2020,商品房销售面积,1335.75
青岛,2020,商品房销售面积,1653.59
郑州,2020,商品房销售面积,3426.06
武汉,2020,商品房销售面积,2646.37
长沙,2020,商品房销售面积,2377.43
广州,2020,商品房销售面积,1539.4
深圳,2020,商品房销售面积,908.8
南宁,2020,商品房销售面积,1837.59
海口,2020,商品房销售面积,463.74
重庆,2020,商品房销售面积,6143.47
成都,2020,商品房销售面积,3680.3
贵阳,2020,商品房销售面积,1235.75
昆明,2020,商品房销售面积,1878.8
西安,2020,商品房销售面积,2081.48
兰州,2020,商品房销售面积,846.48
西宁,2020,商品房销售面积,298.97
银川,2020,商品房销售面积,751.75
乌鲁木齐,2020,商品房销售面积,716.09
北京,2019,商品房销售面积,938.86
天津,2019,商品房销售面积,1478.68
石家庄,2019,商品房销售面积,782.28
太原,2019,商品房销售面积,741.1
呼和浩特,2019,商品房销售面积,326.0
沈阳,2019,商品房销售面积,1453.53
大连,2019,商品房销售面积,658.87
长春,2019,商品房销售面积,1342.37
哈尔滨,2019,商品房销售面积,964.78
上海,2019,商品房销售面积,1696.34
南京,2019,商品房销售面积,1320.65
杭州,2019,商品房销售面积,1513.62
宁波,2019,商品房销售面积,1714.64
合肥,2019,商品房销售面积,1321.87
福州,2019,商品房销售面积,1708.19
厦门,2019,商品房销售面积,540.77
南昌,2019,商品房销售面积,1906.13
济南,2019,商品房销售面积,1151.0
青岛,2019,商品房销售面积,1651.83
郑州,2019,商品房销售面积,3593.27
武汉,2019,商品房销售面积,3332.34
长沙,2019,商品房销售面积,2335.15
广州,2019,商品房销售面积,1464.64
深圳,2019,商品房销售面积,806.56
南宁,2019,商品房销售面积,1805.23
海口,2019,商品房销售面积,440.56
重庆,2019,商品房销售面积,6104.68
成都,2019,商品房销售面积,3543.28
贵阳,2019,商品房销售面积,1099.27
昆明,2019,商品房销售面积,1916.23
西安,2019,商品房销售面积,2375.41
兰州,2019,商品房销售面积,718.44
西宁,2019,商品房销售面积,321.24
银川,2019,商品房销售面积,679.38
乌鲁木齐,2019,商品房销售面积,657.42
北京,2018,商品房销售面积,696.19
天津,2018,商品房销售面积,1249.87
石家庄,2018,商品房销售面积,844.69
太原,2018,商品房销售面积,839.42
呼和浩特,2018,商品房销售面积,396.05
沈阳,2018,商品房销售面积,1354.82
大连,2018,商品房销售面积,775.95
长春,2018,商品房销售面积,1288.44
哈尔滨,2018,商品房销售面积,1050.58
上海,2018,商品房销售面积,1767.01
南京,2018,商品房销售面积,1220.73
杭州,2018,商品房销售面积,1675.98
宁波,2018,商品房销售面积,1624.38
合肥,2018,商品房销售面积,1389.58
福州,2018,商品房销售面积,1711.05
厦门,2018,商品房销售面积,529.42
南昌,2018,商品房销售面积,1846.31
济南,2018,商品房销售面积,1236.3
青岛,2018,商品房销售面积,1808.02
郑州,2018,商品房销售面积,3712.11
武汉,2018,商品房销售面积,3646.94
长沙,2018,商品房销售面积,2386.74
广州,2018,商品房销售面积,1550.28
深圳,2018,商品房销售面积,722.01
南宁,2018,商品房销售面积,1745.19
海口,2018,商品房销售面积,393.32
重庆,2018,商品房销售面积,6536.25
成都,2018,商品房销售面积,3682.52
贵阳,2018,商品房销售面积,1114.56
昆明,2018,商品房销售面积,1909.72
西安,2018,商品房销售面积,2621.72
兰州,2018,商品房销售面积,642.42
西宁,2018,商品房销售面积,332.22
银川,2018,商品房销售面积,612.83
乌鲁木齐,2018,商品房销售面积,605.3
北京,2017,商品房销售面积,869.95
天津,2017,商品房销售面积,1482.12
石家庄,2017,商品房销售面积,1027.34
太原,2017,商品房销售面积,786.41
呼和浩特,2017,商品房销售面积,316.51
沈阳,2017,商品房销售面积,1300.24
大连,2017,商品房销售面积,839.84
长春,2017,商品房销售面积,1147.19
哈尔滨,2017,商品房销售面积,1269.54
上海,2017,商品房销售面积,1691.6
南京,2017,商品房销售面积,1429.61
杭州,2017,商品房销售面积,2054.11
宁波,2017,商品房销售面积,1543.64
合肥,2017,商品房销售面积,1283.4
福州,2017,商品房销售面积,1685.46
厦门,2017,商品房销售面积,527.88
南昌,2017,商品房销售面积,1610.43
济南,2017,商品房销售面积,1216.27
青岛,2017,商品房销售面积,1900.74
郑州,2017,商品房销售面积,3097.81
武汉,2017,商品房销售面积,3532.61
长沙,2017,商品房销售面积,2260.79
广州,2017,商品房销售面积,1757.75
深圳,2017,商品房销售面积,671.03
南宁,2017,商品房销售面积,1544.13
海口,2017,商品房销售面积,549.59
重庆,2017,商品房销售面积,6711.0
成都,2017,商品房销售面积,3925.91
贵阳,2017,商品房销售面积,1068.67
昆明,2017,商品房销售面积,1827.25
西安,2017,商品房销售面积,2459.35
兰州,2017,商品房销售面积,697.93
西宁,2017,商品房销售面积,388.22
银川,2017,商品房销售面积,595.22
乌鲁木齐,2017,商品房销售面积,606.94
北京,2016,商品房销售面积,1658.93
天津,2016,商品房销售面积,2711.08
石家庄,2016,商品房销售面积,798.42
太原,2016,商品房销售面积,609.84
呼和浩特,2016,商品房销售面积,425.49
沈阳,2016,商品房销售面积,1184.32
大连,2016,商品房销售面积,707.49
长春,2016,商品房销售面积,1017.75
哈尔滨,2016,商品房销售面积,1057.96
上海,2016,商品房销售面积,2705.69
南京,2016,商品房销售面积,1558.18
杭州,2016,商品房销售面积,2327.86
宁波,2016,商品房销售面积,1336.95
合肥,2016,商品房销售面积,2098.34
福州,2016,商品房销售面积,1221.33
厦门,2016,商品房销售面积,528.86
南昌,2016,商品房销售面积,1244.65
济南,2016,商品房销售面积,1425.29
青岛,2016,商品房销售面积,1939.22
郑州,2016,商品房销售面积,2859.18
武汉,2016,商品房销售面积,3255.66
长沙,2016,商品房销售面积,2613.26
广州,2016,商品房销售面积,1949.1
深圳,2016,商品房销售面积,736.19
南宁,2016,商品房销售面积,1327.53
海口,2016,商品房销售面积,432.71
重庆,2016,商品房销售面积,6257.15
成都,2016,商品房销售面积,3928.77
贵阳,2016,商品房销售面积,981.87
昆明,2016,商品房销售面积,1520.87
西安,2016,商品房销售面积,2036.18
兰州,2016,商品房销售面积,828.79
西宁,2016,商品房销售面积,352.6
银川,2016,商品房销售面积,564.86
乌鲁木齐,2016,商品房销售面积,582.0
北京,2015,商品房销售面积,1554.25
天津,2015,商品房销售面积,1771.07
石家庄,2015,商品房销售面积,757.82
太原,2015,商品房销售面积,448.28
呼和浩特,2015,商品房销售面积,381.81
沈阳,2015,商品房销售面积,1065.06
大连,2015,商品房销售面积,637.33
长春,2015,商品房销售面积,799.12
哈尔滨,2015,商品房销售面积,895.98
上海,2015,商品房销售面积,2431.36
南京,2015,商品房销售面积,1543.16
杭州,2015,商品房销售面积,1482.17
宁波,2015,商品房销售面积,1007.21
合肥,2015,商品房销售面积,1589.21
福州,2015,商品房销售面积,914.7
厦门,2015,商品房销售面积,570.83
南昌,2015,商品房销售面积,901.02
济南,2015,商品房销售面积,1192.12
青岛,2015,商品房销售面积,1418.58
郑州,2015,商品房销售面积,1898.67
武汉,2015,商品房销售面积,2627.19
长沙,2015,商品房销售面积,1907.91
广州,2015,商品房销售面积,1653.07
深圳,2015,商品房销售面积,831.46
南宁,2015,商品房销售面积,1000.73
海口,2015,商品房销售面积,373.4
重庆,2015,商品房销售面积,5381.37
成都,2015,商品房销售面积,2997.43
贵阳,2015,商品房销售面积,959.55
昆明,2015,商品房销售面积,1305.03
西安,2015,商品房销售面积,1762.7
兰州,2015,商品房销售面积,628.12
西宁,2015,商品房销售面积,311.86
银川,2015,商品房销售面积,529.81
乌鲁木齐,2015,商品房销售面积,524.96
北京,2014,商品房销售面积,1454.19
天津,2014,商品房销售面积,1612.98
石家庄,2014,商品房销售面积,888.26
太原,2014,商品房销售面积,419.21
呼和浩特,2014,商品房销售面积,363.91
沈阳,2014,商品房销售面积,1498.4
大连,2014,商品房销售面积,746.4
长春,2014,商品房销售面积,758.84
哈尔滨,2014,商品房销售面积,1041.05
上海,2014,商品房销售面积,2084.66
南京,2014,商品房销售面积,1207.58
杭州,2014,商品房销售面积,1122.91
宁波,2014,商品房销售面积,726.44
合肥,2014,商品房销售面积,1594.79
福州,2014,商品房销售面积,965.6
厦门,2014,商品房销售面积,790.21
南昌,2014,商品房销售面积,824.66
济南,2014,商品房销售面积,865.35
青岛,2014,商品房销售面积,1163.53
郑州,2014,商品房销售面积,1591.91
武汉,2014,商品房销售面积,2273.16
长沙,2014,商品房销售面积,1518.47
广州,2014,商品房销售面积,1540.02
深圳,2014,商品房销售面积,532.57
南宁,2014,商品房销售面积,802.57
海口,2014,商品房销售面积,337.66
重庆,2014,商品房销售面积,5100.39
成都,2014,商品房销售面积,2951.3
贵阳,2014,商品房销售面积,935.55
昆明,2014,商品房销售面积,1289.37
西安,2014,商品房销售面积,1696.39
兰州,2014,商品房销售面积,480.36
西宁,2014,商品房销售面积,305.71
银川,2014,商品房销售面积,724.59
乌鲁木齐,2014,商品房销售面积,461.79
北京,2013,商品房销售面积,1903.11
天津,2013,商品房销售面积,1847.11
石家庄,2013,商品房销售面积,951.21
太原,2013,商品房销售面积,423.31
呼和浩特,2013,商品房销售面积,420.45
沈阳,2013,商品房销售面积,2262.33
大连,2013,商品房销售面积,1222.13
长春,2013,商品房销售面积,847.06
哈尔滨,2013,商品房销售面积,1370.48
上海,2013,商品房销售面积,2382.2
南京,2013,商品房销售面积,1222.01
杭州,2013,商品房销售面积,1139.13
宁波,2013,商品房销售面积,730.09
合肥,2013,商品房销售面积,1628.09
福州,2013,商品房销售面积,1256.49
厦门,2013,商品房销售面积,786.71
南昌,2013,商品房销售面积,841.49
济南,2013,商品房销售面积,822.63
青岛,2013,商品房销售面积,1160.16
郑州,2013,商品房销售面积,1621.89
武汉,2013,商品房销售面积,1995.36
长沙,2013,商品房销售面积,1861.56
广州,2013,商品房销售面积,1699.98
深圳,2013,商品房销售面积,588.58
南宁,2013,商品房销售面积,702.6
海口,2013,商品房销售面积,338.19
重庆,2013,商品房销售面积,4817.56
成都,2013,商品房销售面积,2950.13
贵阳,2013,商品房销售面积,1282.01
昆明,2013,商品房销售面积,1211.2
西安,2013,商品房销售面积,1632.85
兰州,2013,商品房销售面积,253.46
西宁,2013,商品房销售面积,277.8
银川,2013,商品房销售面积,612.11
乌鲁木齐,2013,商品房销售面积,535.67
北京,2012,商品房销售面积,1943.74
天津,2012,商品房销售面积,1661.69
石家庄,2012,商品房销售面积,768.73
太原,2012,商品房销售面积,324.81
呼和浩特,2012,商品房销售面积,478.18
沈阳,2012,商品房销售面积,2469.65
大连,2012,商品房销售面积,1076.36
长春,2012,商品房销售面积,908.0
哈尔滨,2012,商品房销售面积,1195.28
上海,2012,商品房销售面积,1898.46
南京,2012,商品房销售面积,950.87
杭州,2012,商品房销售面积,1089.62
宁波,2012,商品房销售面积,590.22
合肥,2012,商品房销售面积,1242.48
福州,2012,商品房销售面积,841.5
厦门,2012,商品房销售面积,615.34
南昌,2012,商品房销售面积,689.86
济南,2012,商品房销售面积,659.56
青岛,2012,商品房销售面积,950.92
郑州,2012,商品房销售面积,1441.87
武汉,2012,商品房销售面积,1576.11
长沙,2012,商品房销售面积,1526.93
广州,2012,商品房销售面积,1333.13
深圳,2012,商品房销售面积,525.83
南宁,2012,商品房销售面积,629.01
海口,2012,商品房销售面积,266.95
重庆,2012,商品房销售面积,4522.4
成都,2012,商品房销售面积,2844.09
贵阳,2012,商品房销售面积,1023.84
昆明,2012,商品房销售面积,1051.35
西安,2012,商品房销售面积,1532.9
兰州,2012,商品房销售面积,190.35
西宁,2012,商品房销售面积,177.04
银川,2012,商品房销售面积,450.26
乌鲁木齐,2012,商品房销售面积,371.61
北京,2011,商品房销售面积,1439.2
天津,2011,商品房销售面积,1594.57
石家庄,2011,商品房销售面积,922.24
太原,2011,商品房销售面积,216.18
呼和浩特,2011,商品房销售面积,449.71
沈阳,2011,商品房销售面积,2165.17
大连,2011,商品房销售面积,909.91
长春,2011,商品房销售面积,879.14
哈尔滨,2011,商品房销售面积,998.59
上海,2011,商品房销售面积,1790.86
南京,2011,商品房销售面积,767.71
杭州,2011,商品房销售面积,738.04
宁波,2011,商品房销售面积,526.53
合肥,2011,商品房销售面积,1245.98
福州,2011,商品房销售面积,621.04
厦门,2011,商品房销售面积,445.39
南昌,2011,商品房销售面积,499.13
济南,2011,商品房销售面积,596.17
青岛,2011,商品房销售面积,1029.91
郑州,2011,商品房销售面积,1563.22
武汉,2011,商品房销售面积,1329.34
长沙,2011,商品房销售面积,1508.18
广州,2011,商品房销售面积,1194.08
深圳,2011,商品房销售面积,496.89
南宁,2011,商品房销售面积,711.73
海口,2011,商品房销售面积,221.8
重庆,2011,商品房销售面积,4533.5
成都,2011,商品房销售面积,2676.04
贵阳,2011,商品房销售面积,807.53
昆明,2011,商品房销售面积,1121.3
西安,2011,商品房销售面积,1768.52
兰州,2011,商品房销售面积,131.09
西宁,2011,商品房销售面积,265.61
银川,2011,商品房销售面积,489.03
乌鲁木齐,2011,商品房销售面积,465.84
北京,2010,商品房销售面积,1639.53
天津,2010,商品房销售面积,1514.52
石家庄,2010,商品房销售面积,469.31
太原,2010,商品房销售面积,258.82
呼和浩特,2010,商品房销售面积,471.88
沈阳,2010,商品房销售面积,1746.52
大连,2010,商品房销售面积,1215.33
长春,2010,商品房销售面积,863.08
哈尔滨,2010,商品房销售面积,881.75
上海,2010,商品房销售面积,2060.96
南京,2010,商品房销售面积,823.17
杭州,2010,商品房销售面积,988.34
宁波,2010,商品房销售面积,693.56
合肥,2010,商品房销售面积,1004.7
福州,2010,商品房销售面积,597.8
厦门,2010,商品房销售面积,426.77
南昌,2010,商品房销售面积,520.84
济南,2010,商品房销售面积,531.49
青岛,2010,商品房销售面积,1360.69
郑州,2010,商品房销售面积,1558.72
武汉,2010,商品房销售面积,1211.71
长沙,2010,商品房销售面积,1680.21
广州,2010,商品房销售面积,1405.13
深圳,2010,商品房销售面积,465.59
南宁,2010,商品房销售面积,669.4
海口,2010,商品房销售面积,209.76
重庆,2010,商品房销售面积,4314.39
成都,2010,商品房销售面积,2559.28
贵阳,2010,商品房销售面积,801.56
昆明,2010,商品房销售面积,1241.01
西安,2010,商品房销售面积,1587.81
兰州,2010,商品房销售面积,228.21
西宁,2010,商品房销售面积,217.1
银川,2010,商品房销售面积,590.04
乌鲁木齐,2010,商品房销售面积,444.61
北京,2009,商品房销售面积,2362.25
天津,2009,商品房销售面积,1590.02
石家庄,2009,商品房销售面积,349.76
太原,2009,商品房销售面积,183.8
呼和浩特,2009,商品房销售面积,379.58
沈阳,2009,商品房销售面积,1532.93
大连,2009,商品房销售面积,1152.68
长春,2009,商品房销售面积,715.72
哈尔滨,2009,商品房销售面积,705.28
上海,2009,商品房销售面积,3372.45
南京,2009,商品房销售面积,1186.94
杭州,2009,商品房销售面积,1456.38
宁波,2009,商品房销售面积,815.18
合肥,2009,商品房销售面积,1297.95
福州,2009,商品房销售面积,690.13
厦门,2009,商品房销售面积,529.29
南昌,2009,商品房销售面积,494.69
济南,2009,商品房销售面积,441.06
青岛,2009,商品房销售面积,1261.86
郑州,2009,商品房销售面积,1197.1
武汉,2009,商品房销售面积,1086.99
长沙,2009,商品房销售面积,1406.58
广州,2009,商品房销售面积,1375.42
深圳,2009,商品房销售面积,762.15
南宁,2009,商品房销售面积,731.74
海口,2009,商品房销售面积,191.78
重庆,2009,商品房销售面积,4002.89
成都,2009,商品房销售面积,2708.76
贵阳,2009,商品房销售面积,818.22
昆明,2009,商品房销售面积,853.27
西安,2009,商品房销售面积,1256.02
兰州,2009,商品房销售面积,244.03
西宁,2009,商品房销售面积,154.68
银川,2009,商品房销售面积,511.43
乌鲁木齐,2009,商品房销售面积,537.27
北京,2008,商品房销售面积,1335.37
天津,2008,商品房销售面积,1252.04
石家庄,2008,商品房销售面积,338.86
太原,2008,商品房销售面积,182.94
呼和浩特,2008,商品房销售面积,331.89
沈阳,2008,商品房销售面积,1465.05
大连,2008,商品房销售面积,822.71
长春,2008,商品房销售面积,570.64
哈尔滨,2008,商品房销售面积,587.08
上海,2008,商品房销售面积,2339.29
南京,2008,商品房销售面积,703.55
杭州,2008,商品房销售面积,775.02
宁波,2008,商品房销售面积,448.38
合肥,2008,商品房销售面积,933.13
福州,2008,商品房销售面积,370.66
厦门,2008,商品房销售面积,389.47
南昌,2008,商品房销售面积,335.48
济南,2008,商品房销售面积,371.16
青岛,2008,商品房销售面积,770.3
郑州,2008,商品房销售面积,736.85
武汉,2008,商品房销售面积,732.07
长沙,2008,商品房销售面积,858.74
广州,2008,商品房销售面积,1024.96
深圳,2008,商品房销售面积,466.71
南宁,2008,商品房销售面积,497.23
海口,2008,商品房销售面积,176.29
重庆,2008,商品房销售面积,2872.19
成都,2008,商品房销售面积,1459.5
贵阳,2008,商品房销售面积,411.93
昆明,2008,商品房销售面积,585.92
西安,2008,商品房销售面积,767.23
兰州,2008,商品房销售面积,140.17
西宁,2008,商品房销售面积,108.31
银川,2008,商品房销售面积,307.73
乌鲁木齐,2008,商品房销售面积,296.1
北京,2007,商品房销售面积,2176.57
天津,2007,商品房销售面积,1548.59
石家庄,2007,商品房销售面积,393.58
太原,2007,商品房销售面积,167.23
呼和浩特,2007,商品房销售面积,225.89
沈阳,2007,商品房销售面积,1462.04
大连,2007,商品房销售面积,828.24
长春,2007,商品房销售面积,513.77
哈尔滨,2007,商品房销售面积,748.95
上海,2007,商品房销售面积,3694.96
南京,2007,商品房销售面积,1137.88
杭州,2007,商品房销售面积,1150.28
宁波,2007,商品房销售面积,804.43
合肥,2007,商品房销售面积,1042.69
福州,2007,商品房销售面积,645.63
厦门,2007,商品房销售面积,497.7
南昌,2007,商品房销售面积,478.99
济南,2007,商品房销售面积,320.24
青岛,2007,商品房销售面积,833.29
郑州,2007,商品房销售面积,1097.9
武汉,2007,商品房销售面积,1135.41
长沙,2007,商品房销售面积,978.56
广州,2007,商品房销售面积,1351.33
深圳,2007,商品房销售面积,555.11
南宁,2007,商品房销售面积,628.84
海口,2007,商品房销售面积,170.46
重庆,2007,商品房销售面积,3552.92
成都,2007,商品房销售面积,2225.5
贵阳,2007,商品房销售面积,439.28
昆明,2007,商品房销售面积,928.82
西安,2007,商品房销售面积,833.92
兰州,2007,商品房销售面积,268.98
西宁,2007,商品房销售面积,139.55
银川,2007,商品房销售面积,335.97
乌鲁木齐,2007,商品房销售面积,498.69
北京,2006,商品房销售面积,2607.62
天津,2006,商品房销售面积,1458.6
石家庄,2006,商品房销售面积,303.53
太原,2006,商品房销售面积,137.23
呼和浩特,2006,商品房销售面积,215.32
沈阳,2006,商品房销售面积,1243.79
大连,2006,商品房销售面积,628.78
长春,2006,商品房销售面积,408.25
哈尔滨,2006,商品房销售面积,674.41
上海,2006,商品房销售面积,3025.4
南京,2006,商品房销售面积,1010.5
杭州,2006,商品房销售面积,761.76
宁波,2006,商品房销售面积,609.31
合肥,2006,商品房销售面积,650.31
福州,2006,商品房销售面积,664.58
厦门,2006,商品房销售面积,433.27
南昌,2006,商品房销售面积,383.51
济南,2006,商品房销售面积,284.66
青岛,2006,商品房销售面积,718.41
郑州,2006,商品房销售面积,800.82
武汉,2006,商品房销售面积,960.88
长沙,2006,商品房销售面积,741.69
广州,2006,商品房销售面积,1316.88
深圳,2006,商品房销售面积,749.08
南宁,2006,商品房销售面积,456.0
海口,2006,商品房销售面积,141.64
重庆,2006,商品房销售面积,2228.46
成都,2006,商品房销售面积,1590.56
贵阳,2006,商品房销售面积,387.72
昆明,2006,商品房销售面积,913.3
西安,2006,商品房销售面积,621.5
兰州,2006,商品房销售面积,208.63
西宁,2006,商品房销售面积,106.44
银川,2006,商品房销售面积,239.99
乌鲁木齐,2006,商品房销售面积,413.45
