地区,年度,房地产开发投资额(亿元),房地产施工面积(万平方米),商品房销售额(亿元),商品房销售面积(万平方米)
上海,2006,1275.59,10938.75,3025.4,3025.4
上海,2007,1307.53,10766.72,3694.96,3694.96
上海,2008,1435.73,10784.23,2339.29,2339.29
上海,2009,1462.07,9949.45,3372.45,3372.45
上海,2010,1980.68,11295.03,2060.96,2060.96
上海,2011,2253.83,13033.17,1790.86,1790.86
上海,2012,2381.36,13249.97,1898.46,1898.46
上海,2013,2819.59,13516.58,2382.2,2382.2
上海,2014,3206.48,14690.18,2084.66,2084.66
上海,2015,3468.94,15095.33,2431.36,2431.36
上海,2016,3709.03,15111.24,2705.69,2705.69
上海,2017,3856.53,15362.25,1691.6,1691.6
上海,2018,4033.18,14672.37,1767.01,1767.01
上海,2019,4231.38,14802.97,1696.34,1696.34
上海,2020,4698.75,15740.34,1789.16,1789.16
上海,2021,5035.18,16627.9,1880.45,1880.45
上海,2022,4979.54,16678.19,1852.88,1852.88
上海,2023,6062.04,17618.37,1811.71,1811.71
上海,2024,6228.91,16818.02,1656.86,1656.86
上海,2025,1225.9328978978979,7185.677624060149,1218.4490075187969,1218.4490075187969
乌鲁木齐,2006,53.11,628.64,413.45,413.45
乌鲁木齐,2007,81.8,915.33,498.69,498.69
乌鲁木齐,2008,99.96,1044.0,296.1,296.1
乌鲁木齐,2009,113.3,1288.66,537.27,537.27
乌鲁木齐,2010,143.03,1509.36,444.61,444.61
乌鲁木齐,2011,194.29,1851.72,465.84,465.84
乌鲁木齐,2012,220.69,2390.52,371.61,371.61
乌鲁木齐,2013,270.59,3351.29,535.67,535.67
乌鲁木齐,2014,329.98,3859.0,461.79,461.79
乌鲁木齐,2015,366.87,3755.8,524.96,524.96
乌鲁木齐,2016,362.5,3855.08,582.0,582.0
乌鲁木齐,2017,422.74,4156.16,606.94,606.94
乌鲁木齐,2018,659.15,4605.11,605.3,605.3
乌鲁木齐,2019,544.13,4862.05,657.42,657.42
乌鲁木齐,2020,550.4,5230.52,716.09,716.09
乌鲁木齐,2021,537.77,6056.27,764.16,764.16
乌鲁木齐,2022,311.95,5529.36,449.43,449.43
乌鲁木齐,2023,358.08,5465.92,549.0,549.0
乌鲁木齐,2024,366.65,5155.57,409.01,409.01
乌鲁木齐,2025,1225.9328978978979,7185.677624060149,1218.4490075187969,1218.4490075187969
兰州,2006,53.84,908.06,208.63,208.63
兰州,2007,74.45,983.96,268.98,268.98
兰州,2008,92.43,1088.57,140.17,140.17
兰州,2009,99.08,1259.19,244.03,244.03
兰州,2010,118.28,1467.21,228.21,228.21
兰州,2011,154.84,1724.04,131.09,131.09
兰州,2012,209.74,2342.49,190.35,190.35
兰州,2013,257.44,2622.13,253.46,253.46
兰州,2014,317.08,3284.56,480.36,480.36
兰州,2015,320.56,3800.49,628.12,628.12
兰州,2016,391.15,4010.16,828.79,828.79
兰州,2017,418.26,4140.2,697.93,697.93
兰州,2018,575.22,4314.16,642.42,642.42
兰州,2019,550.67,5137.89,718.44,718.44
兰州,2020,553.77,5058.56,846.48,846.48
兰州,2021,602.76,5576.37,799.58,799.58
兰州,2022,486.45,4794.19,282.23,282.23
兰州,2023,401.54,4351.16,335.75,335.75
兰州,2024,297.31,3782.03,305.75,305.75
兰州,2025,1225.9328978978979,7185.677624060149,1218.4490075187969,1218.4490075187969
北京,2006,1719.87,10483.53,2607.62,2607.62
北京,2007,1995.82,10438.65,2176.57,2176.57
北京,2008,1908.74,10014.32,1335.37,1335.37
北京,2009,2337.71,9719.08,2362.25,2362.25
北京,2010,2901.07,10300.86,1639.53,1639.53
北京,2011,3036.31,12065.38,1439.2,1439.2
北京,2012,3153.44,13122.49,1943.74,1943.74
北京,2013,3483.4,13886.87,1903.11,1903.11
北京,2014,3715.33,13588.08,1454.19,1454.19
北京,2015,4177.05,12993.08,1554.25,1554.25
北京,2016,4000.57,12976.0,1658.93,1658.93
北京,2017,3692.54,12412.74,869.95,869.95
北京,2018,3873.35,12962.61,696.19,696.19
北京,2019,3838.38,12514.99,938.86,938.86
北京,2020,3938.71,13918.64,970.88,970.88
北京,2021,4139.03,14055.32,1107.07,1107.07
北京,2022,4178.46,13333.15,1039.98,1039.98
北京,2023,4202.41,12531.34,1131.82,1131.82
北京,2024,3758.29,11309.53,1118.65,1118.65
北京,2025,1225.9328978978979,7185.677624060149,1218.4490075187969,1218.4490075187969
南京,2006,351.17,3321.96,1010.5,1010.5
南京,2007,445.97,3582.75,1137.88,1137.88
南京,2008,508.17,4097.72,703.55,703.55
南京,2009,595.68,4366.07,1186.94,1186.94
南京,2010,748.35,4570.49,823.17,823.17
南京,2011,871.76,5644.43,767.71,767.71
南京,2012,971.96,6050.06,950.87,950.87
南京,2013,1037.71,6156.48,1222.01,1222.01
南京,2014,1125.49,6540.23,1207.58,1207.58
南京,2015,1429.02,7084.44,1543.16,1543.16
南京,2016,1845.6,7691.41,1558.18,1558.18
南京,2017,2170.21,8163.04,1429.61,1429.61
南京,2018,2354.17,8656.96,1220.73,1220.73
南京,2019,2501.26,9001.67,1320.65,1320.65
南京,2020,2631.4,8663.99,1324.67,1324.67
南京,2021,2719.8,8597.29,1510.95,1510.95
南京,2022,2758.77,7845.46,942.32,942.32
南京,2023,2764.36,7467.23,906.77,906.77
南京,2024,2190.63,7180.39,930.12,930.12
南京,2025,1225.9328978978979,7185.677624060149,1218.4490075187969,1218.4490075187969
南宁,2006,139.07,1751.86,456.0,456.0
南宁,2007,187.46,2116.78,628.84,628.84
南宁,2008,202.46,2231.86,497.23,497.23
南宁,2009,226.73,2620.22,731.74,731.74
南宁,2010,322.82,3183.12,669.4,669.4
南宁,2011,392.42,3563.05,711.73,711.73
南宁,2012,362.73,3747.04,629.01,629.01
南宁,2013,416.37,3812.35,702.6,702.6
南宁,2014,551.82,4519.36,802.57,802.57
南宁,2015,657.19,5174.93,1000.73,1000.73
南宁,2016,854.0,6191.24,1327.53,1327.53
南宁,2017,958.09,7171.62,1544.13,1544.13
南宁,2018,1106.36,8129.81,1745.19,1745.19
南宁,2019,1461.08,9704.05,1805.23,1805.23
南宁,2020,1378.2,10712.49,1837.59,1837.59
南宁,2021,1359.95,11246.52,1494.08,1494.08
南宁,2022,743.83,10381.45,1324.72,1324.72
南宁,2023,496.41,9555.77,952.23,952.23
南宁,2024,444.12,7167.26,807.38,807.38
南宁,2025,1225.9328978978979,7185.677624060149,1218.4490075187969,1218.4490075187969
南昌,2006,110.75,1341.06,383.51,383.51
南昌,2007,125.6,1525.59,478.99,478.99
南昌,2008,163.3,1825.93,335.48,335.48
南昌,2009,198.25,1782.03,494.69,494.69
南昌,2010,230.15,2146.18,520.84,520.84
南昌,2011,279.89,2610.34,499.13,499.13
南昌,2012,344.36,3123.29,689.86,689.86
南昌,2013,406.14,3992.51,841.49,841.49
南昌,2014,414.07,4244.74,824.66,824.66
南昌,2015,485.37,4458.93,901.02,901.02
南昌,2016,674.6,4982.72,1244.65,1244.65
南昌,2017,790.69,5948.81,1610.43,1610.43
南昌,2018,890.43,6093.95,1846.31,1846.31
南昌,2019,913.04,6611.93,1906.13,1906.13
南昌,2020,971.57,6068.95,1770.83,1770.83
南昌,2021,975.84,5927.1,2019.49,2019.49
南昌,2022,787.42,4982.65,1390.7,1390.7
南昌,2023,496.63,4728.09,717.77,717.77
南昌,2024,473.49,3987.07,690.05,690.05
南昌,2025,1225.9328978978979,7185.677624060149,1218.4490075187969,1218.4490075187969
厦门,2006,213.93,1996.95,433.27,433.27
厦门,2007,345.74,2838.78,497.7,497.7
厦门,2008,327.02,3447.88,389.47,389.47
厦门,2009,267.42,3094.96,529.29,529.29
厦门,2010,396.13,3089.12,426.77,426.77
厦门,2011,438.12,3513.17,445.39,445.39
厦门,2012,518.88,3579.73,615.34,615.34
厦门,2013,531.8,3785.86,786.71,786.71
厦门,2014,704.06,4219.86,790.21,790.21
厦门,2015,774.07,4333.83,570.83,570.83
厦门,2016,765.8,4312.2,528.86,528.86
厦门,2017,879.86,4287.7,527.88,527.88
厦门,2018,884.58,4343.24,529.42,529.42
厦门,2019,899.53,4089.16,540.77,540.77
厦门,2020,1055.76,3616.04,621.82,621.82
厦门,2021,1069.66,3661.02,593.04,593.04
厦门,2022,1064.78,3514.91,607.63,607.63
厦门,2023,1435.6,3443.31,603.79,603.79
厦门,2024,976.06,3234.48,484.68,484.68
厦门,2025,1225.9328978978979,7185.677624060149,1218.4490075187969,1218.4490075187969
合肥,2006,281.81,2504.14,650.31,650.31
合肥,2007,387.53,3169.31,1042.69,1042.69
合肥,2008,567.16,4020.39,933.13,933.13
合肥,2009,670.36,4751.29,1297.95,1297.95
合肥,2010,819.03,5338.63,1004.7,1004.7
合肥,2011,889.6,5699.53,1245.98,1245.98
合肥,2012,913.8,6071.64,1242.48,1242.48
合肥,2013,1105.81,7015.32,1628.09,1628.09
合肥,2014,1127.35,6986.81,1594.79,1594.79
合肥,2015,1259.14,7199.3,1589.21,1589.21
合肥,2016,1352.59,7818.54,2098.34,2098.34
合肥,2017,1557.41,8283.56,1283.4,1283.4
合肥,2018,1527.17,8233.22,1389.58,1389.58
合肥,2019,1556.08,7874.2,1321.87,1321.87
合肥,2020,1546.99,7998.95,1486.11,1486.11
合肥,2021,1466.42,8284.96,1836.59,1836.59
合肥,2022,1457.09,8106.44,1459.18,1459.18
合肥,2023,1544.63,7412.33,1109.25,1109.25
合肥,2024,1582.46,6490.97,974.03,974.03
合肥,2025,1225.9328978978979,7185.677624060149,1218.4490075187969,1218.4490075187969
呼和浩特,2006,94.99,996.56,215.32,215.32
呼和浩特,2007,129.83,1567.12,225.89,225.89
呼和浩特,2008,177.07,1787.12,331.89,331.89
呼和浩特,2009,178.99,1837.76,379.58,379.58
呼和浩特,2010,254.35,2461.13,471.88,471.88
呼和浩特,2011,330.03,3418.0,449.71,449.71
呼和浩特,2012,447.99,4442.06,478.18,478.18
呼和浩特,2013,581.68,5805.39,420.45,420.45
呼和浩特,2014,563.13,5860.47,363.91,363.91
呼和浩特,2015,509.05,5574.45,381.81,381.81
呼和浩特,2016,520.52,5133.32,425.49,425.49
呼和浩特,2017,238.4,4170.59,316.51,316.51
呼和浩特,2018,174.25,3504.62,396.05,396.05
呼和浩特,2019,175.22,3464.82,326.0,326.0
呼和浩特,2020,246.89,3152.4,413.76,413.76
呼和浩特,2021,270.72,3318.21,309.66,309.66
呼和浩特,2022,219.09,3110.87,145.83,145.83
呼和浩特,2023,234.58,2919.84,187.79,187.79
呼和浩特,2024,280.92,2319.75,186.1,186.1
呼和浩特,2025,1225.9328978978979,7185.677624060149,1218.4490075187969,1218.4490075187969
哈尔滨,2006,157.83,1585.62,674.41,674.41
哈尔滨,2007,187.42,1502.22,748.95,748.95
哈尔滨,2008,215.76,1610.76,587.08,587.08
哈尔滨,2009,279.23,1926.63,705.28,705.28
哈尔滨,2010,360.74,2939.04,881.75,881.75
哈尔滨,2011,570.46,4599.29,998.59,998.59
哈尔滨,2012,789.04,5577.06,1195.28,1195.28
哈尔滨,2013,857.94,5947.06,1370.48,1370.48
哈尔滨,2014,686.66,6086.31,1041.05,1041.05
哈尔滨,2015,593.98,5578.78,895.98,895.98
哈尔滨,2016,512.13,4842.49,1057.96,1057.96
哈尔滨,2017,498.59,4482.15,1269.54,1269.54
哈尔滨,2018,584.99,4673.76,1050.58,1050.58
哈尔滨,2019,620.45,5509.27,964.78,964.78
哈尔滨,2020,622.05,5490.29,768.5,768.5
哈尔滨,2021,531.37,5406.34,609.45,609.45
哈尔滨,2022,341.05,5134.83,408.97,408.97
哈尔滨,2023,228.21,4933.32,388.65,388.65
哈尔滨,2024,179.2,4450.94,313.86,313.86
哈尔滨,2025,1225.9328978978979,7185.677624060149,1218.4490075187969,1218.4490075187969
地区,2006,1225.9328978978979,7185.677624060149,1218.4490075187969,1218.4490075187969
地区,2007,1225.9328978978979,7185.677624060149,1218.4490075187969,1218.4490075187969
地区,2008,1225.9328978978979,7185.677624060149,1218.4490075187969,1218.4490075187969
地区,2009,1225.9328978978979,7185.677624060149,1218.4490075187969,1218.4490075187969
地区,2010,1225.9328978978979,7185.677624060149,1218.4490075187969,1218.4490075187969
地区,2011,1225.9328978978979,7185.677624060149,1218.4490075187969,1218.4490075187969
地区,2012,1225.9328978978979,7185.677624060149,1218.4490075187969,1218.4490075187969
地区,2013,1225.9328978978979,7185.677624060149,1218.4490075187969,1218.4490075187969
地区,2014,1225.9328978978979,7185.677624060149,1218.4490075187969,1218.4490075187969
地区,2015,1225.9328978978979,7185.677624060149,1218.4490075187969,1218.4490075187969
地区,2016,1225.9328978978979,7185.677624060149,1218.4490075187969,1218.4490075187969
地区,2017,1225.9328978978979,7185.677624060149,1218.4490075187969,1218.4490075187969
地区,2018,1225.9328978978979,7185.677624060149,1218.4490075187969,1218.4490075187969
地区,2019,1225.9328978978979,7185.677624060149,1218.4490075187969,1218.4490075187969
地区,2020,1225.9328978978979,7185.677624060149,1218.4490075187969,1218.4490075187969
地区,2021,1225.9328978978979,7185.677624060149,1218.4490075187969,1218.4490075187969
地区,2022,1225.9328978978979,7185.677624060149,1218.4490075187969,1218.4490075187969
地区,2023,1225.9328978978979,7185.677624060149,1218.4490075187969,1218.4490075187969
地区,2024,1225.9328978978979,7185.677624060149,1218.4490075187969,1218.4490075187969
地区,2025,1225.9328978978979,7185.677624060149,1218.4490075187969,1218.4490075187969
大连,2006,337.23,2196.08,628.78,628.78
大连,2007,407.83,2754.48,828.24,828.24
大连,2008,495.82,3334.94,822.71,822.71
大连,2009,578.94,3489.06,1152.68,1152.68
大连,2010,768.02,5060.54,1215.33,1215.33
大连,2011,1107.46,6193.38,909.91,909.91
大连,2012,1396.52,6213.43,1076.36,1076.36
大连,2013,1710.36,6396.17,1222.13,1222.13
大连,2014,1429.34,6279.66,746.4,746.4
大连,2015,897.46,4911.5,637.33,637.33
大连,2016,535.17,4655.07,707.49,707.49
大连,2017,566.64,4477.89,839.84,839.84
大连,2018,688.51,4219.82,775.95,775.95
大连,2019,711.06,3855.62,658.87,658.87
大连,2020,753.06,3711.92,714.84,714.84
大连,2021,728.95,4099.94,687.71,687.71
大连,2022,608.84,3739.93,434.33,434.33
大连,2023,458.13,3383.46,309.03,309.03
大连,2024,362.42,2894.95,292.72,292.72
大连,2025,1225.9328978978979,7185.677624060149,1218.4490075187969,1218.4490075187969
天津,2006,402.32,4142.6,1458.6,1458.6
天津,2007,505.3,4836.49,1548.59,1548.59
天津,2008,653.72,5704.27,1252.04,1252.04
天津,2009,735.18,6052.16,1590.02,1590.02
天津,2010,866.64,7160.84,1514.52,1514.52
天津,2011,1080.25,9233.98,1594.57,1594.57
天津,2012,1260.0,9864.22,1661.69,1661.69
天津,2013,1480.82,10892.17,1847.11,1847.11
天津,2014,1699.65,10652.37,1612.98,1612.98
天津,2015,1871.55,10230.22,1771.07,1771.07
天津,2016,2300.01,9349.76,2711.08,2711.08
天津,2017,2233.39,8795.82,1482.12,1482.12
天津,2018,2424.49,10324.37,1249.87,1249.87
天津,2019,2727.82,11453.43,1478.68,1478.68
天津,2020,2608.54,12034.51,1306.96,1306.96
天津,2021,2769.98,12627.78,1435.42,1435.42
天津,2022,2127.94,11085.1,973.77,973.77
天津,2023,1232.04,9587.14,1178.51,1178.51
天津,2024,1262.23,7676.99,1183.81,1183.81
天津,2025,1225.9328978978979,7185.677624060149,1218.4490075187969,1218.4490075187969
太原,2006,80.32,1067.16,137.23,137.23
太原,2007,94.82,1168.2,167.23,167.23
太原,2008,121.17,1310.14,182.94,182.94
太原,2009,165.01,1772.7,183.8,183.8
太原,2010,241.09,2366.52,258.82,258.82
太原,2011,310.55,2812.37,216.18,216.18
太原,2012,359.24,3651.05,324.81,324.81
太原,2013,416.23,4184.22,423.31,423.31
太原,2014,469.68,4636.18,419.21,419.21
太原,2015,597.83,4830.54,448.28,448.28
太原,2016,681.9,5716.47,609.84,609.84
太原,2017,470.63,5565.06,786.41,786.41
太原,2018,529.41,6033.42,839.42,839.42
太原,2019,696.54,7063.71,741.1,741.1
太原,2020,714.82,7659.31,781.36,781.36
太原,2021,665.47,8473.83,821.78,821.78
太原,2022,541.41,8110.6,507.37,507.37
太原,2023,518.23,7723.63,532.78,532.78
太原,2024,507.68,6709.0,399.01,399.01
太原,2025,1225.9328978978979,7185.677624060149,1218.4490075187969,1218.4490075187969
宁波,2006,313.58,2750.73,609.31,609.31
宁波,2007,332.89,3014.33,804.43,804.43
宁波,2008,307.75,3105.35,448.38,448.38
宁波,2009,374.51,3104.34,815.18,815.18
宁波,2010,557.27,3820.7,693.56,693.56
宁波,2011,711.46,5209.81,526.53,526.53
宁波,2012,884.35,6080.51,590.22,590.22
宁波,2013,1123.14,6833.96,730.09,730.09
宁波,2014,1328.14,7422.16,726.44,726.44
宁波,2015,1228.84,6737.89,1007.21,1007.21
宁波,2016,1270.33,6565.28,1336.95,1336.95
宁波,2017,1374.47,6833.12,1543.64,1543.64
宁波,2018,1587.47,7472.48,1624.38,1624.38
宁波,2019,1703.59,8347.74,1714.64,1714.64
宁波,2020,1818.88,10575.61,1858.2,1858.2
宁波,2021,2075.59,10778.64,1606.23,1606.23
宁波,2022,2131.68,9660.77,1128.8,1128.8
宁波,2023,2218.61,9569.29,901.56,901.56
宁波,2024,1873.2,6687.44,796.27,796.27
宁波,2025,1225.9328978978979,7185.677624060149,1218.4490075187969,1218.4490075187969
广州,2006,556.79,4847.76,1316.88,1316.88
广州,2007,703.8,5184.85,1351.33,1351.33
广州,2008,763.54,5543.16,1024.96,1024.96
广州,2009,817.34,5551.91,1375.42,1375.42
广州,2010,983.66,6464.12,1405.13,1405.13
广州,2011,1305.56,7692.59,1194.08,1194.08
广州,2012,1370.45,7845.62,1333.13,1333.13
广州,2013,1572.43,8159.31,1699.98,1699.98
广州,2014,1816.15,9369.93,1540.02,1540.02
广州,2015,2137.59,9345.57,1653.07,1653.07
广州,2016,2540.85,10061.92,1949.1,1949.1
广州,2017,2702.89,10658.49,1757.75,1757.75
广州,2018,2701.93,10999.01,1550.28,1550.28
广州,2019,3102.26,11985.91,1464.64,1464.64
广州,2020,3293.95,11878.29,1539.4,1539.4
广州,2021,3626.44,12750.78,1736.31,1736.31
广州,2022,3431.9,12946.25,1374.07,1374.07
广州,2023,3311.45,12676.79,1404.49,1404.49
广州,2024,3066.03,12589.25,1159.25,1159.25
广州,2025,1225.9328978978979,7185.677624060149,1218.4490075187969,1218.4490075187969
成都,2006,613.64,4857.74,1590.56,1590.56
成都,2007,905.28,6472.53,2225.5,2225.5
成都,2008,923.51,7555.15,1459.5,1459.5
成都,2009,945.14,8405.64,2708.76,2708.76
成都,2010,1278.34,9778.9,2559.28,2559.28
成都,2011,1588.22,12620.39,2676.04,2676.04
成都,2012,1889.23,14150.98,2844.09,2844.09
成都,2013,2111.25,15239.3,2950.13,2950.13
成都,2014,2215.53,17202.89,2951.3,2951.3
成都,2015,2435.25,18334.84,2997.43,2997.43
成都,2016,2638.89,19880.94,3928.77,3928.77
成都,2017,2492.65,19396.65,3925.91,3925.91
成都,2018,2273.16,19514.56,3682.52,3682.52
成都,2019,2611.71,20619.9,3543.28,3543.28
成都,2020,2847.64,19122.23,3680.3,3680.3
成都,2021,3142.38,19544.1,3644.11,3644.11
成都,2022,3271.72,19338.18,2549.4,2549.4
成都,2023,2449.59,17764.84,2204.57,2204.57
成都,2024,2415.38,16653.38,1968.14,1968.14
成都,2025,1225.9328978978979,7185.677624060149,1218.4490075187969,1218.4490075187969
拉萨,2006,1225.9328978978979,7185.677624060149,1218.4490075187969,1218.4490075187969
拉萨,2007,1225.9328978978979,7185.677624060149,1218.4490075187969,1218.4490075187969
拉萨,2008,1225.9328978978979,7185.677624060149,1218.4490075187969,1218.4490075187969
拉萨,2009,1225.9328978978979,7185.677624060149,1218.4490075187969,1218.4490075187969
拉萨,2010,1225.9328978978979,7185.677624060149,1218.4490075187969,1218.4490075187969
拉萨,2011,1225.9328978978979,7185.677624060149,1218.4490075187969,1218.4490075187969
拉萨,2012,1225.9328978978979,7185.677624060149,1218.4490075187969,1218.4490075187969
拉萨,2013,1225.9328978978979,7185.677624060149,1218.4490075187969,1218.4490075187969
拉萨,2014,1225.9328978978979,7185.677624060149,1218.4490075187969,1218.4490075187969
拉萨,2015,1225.9328978978979,7185.677624060149,1218.4490075187969,1218.4490075187969
拉萨,2016,44.54,7185.677624060149,1218.4490075187969,1218.4490075187969
拉萨,2017,1225.9328978978979,7185.677624060149,1218.4490075187969,1218.4490075187969
拉萨,2018,1225.9328978978979,7185.677624060149,1218.4490075187969,1218.4490075187969
拉萨,2019,1225.9328978978979,7185.677624060149,1218.4490075187969,1218.4490075187969
拉萨,2020,1225.9328978978979,7185.677624060149,1218.4490075187969,1218.4490075187969
拉萨,2021,1225.9328978978979,7185.677624060149,1218.4490075187969,1218.4490075187969
拉萨,2022,1225.9328978978979,7185.677624060149,1218.4490075187969,1218.4490075187969
拉萨,2023,1225.9328978978979,7185.677624060149,1218.4490075187969,1218.4490075187969
拉萨,2024,1225.9328978978979,7185.677624060149,1218.4490075187969,1218.4490075187969
拉萨,2025,1225.9328978978979,7185.677624060149,1218.4490075187969,1218.4490075187969
数据来源：国家统计局,2006,1225.9328978978979,7185.677624060149,1218.4490075187969,1218.4490075187969
数据来源：国家统计局,2007,1225.9328978978979,7185.677624060149,1218.4490075187969,1218.4490075187969
数据来源：国家统计局,2008,1225.9328978978979,7185.677624060149,1218.4490075187969,1218.4490075187969
数据来源：国家统计局,2009,1225.9328978978979,7185.677624060149,1218.4490075187969,1218.4490075187969
数据来源：国家统计局,2010,1225.9328978978979,7185.677624060149,1218.4490075187969,1218.4490075187969
数据来源：国家统计局,2011,1225.9328978978979,7185.677624060149,1218.4490075187969,1218.4490075187969
数据来源：国家统计局,2012,1225.9328978978979,7185.677624060149,1218.4490075187969,1218.4490075187969
数据来源：国家统计局,2013,1225.9328978978979,7185.677624060149,1218.4490075187969,1218.4490075187969
数据来源：国家统计局,2014,1225.9328978978979,7185.677624060149,1218.4490075187969,1218.4490075187969
数据来源：国家统计局,2015,1225.9328978978979,7185.677624060149,1218.4490075187969,1218.4490075187969
数据来源：国家统计局,2016,1225.9328978978979,7185.677624060149,1218.4490075187969,1218.4490075187969
数据来源：国家统计局,2017,1225.9328978978979,7185.677624060149,1218.4490075187969,1218.4490075187969
数据来源：国家统计局,2018,1225.9328978978979,7185.677624060149,1218.4490075187969,1218.4490075187969
数据来源：国家统计局,2019,1225.9328978978979,7185.677624060149,1218.4490075187969,1218.4490075187969
数据来源：国家统计局,2020,1225.9328978978979,7185.677624060149,1218.4490075187969,1218.4490075187969
数据来源：国家统计局,2021,1225.9328978978979,7185.677624060149,1218.4490075187969,1218.4490075187969
数据来源：国家统计局,2022,1225.9328978978979,7185.677624060149,1218.4490075187969,1218.4490075187969
数据来源：国家统计局,2023,1225.9328978978979,7185.677624060149,1218.4490075187969,1218.4490075187969
数据来源：国家统计局,2024,1225.9328978978979,7185.677624060149,1218.4490075187969,1218.4490075187969
数据来源：国家统计局,2025,1225.9328978978979,7185.677624060149,1218.4490075187969,1218.4490075187969
昆明,2006,188.93,1568.76,913.3,913.3
昆明,2007,228.02,1884.1,928.82,928.82
昆明,2008,274.2,2177.29,585.92,585.92
昆明,2009,382.15,2877.58,853.27,853.27
昆明,2010,437.14,3513.74,1241.01,1241.01
昆明,2011,633.03,4443.6,1121.3,1121.3
昆明,2012,919.07,5885.0,1051.35,1051.35
昆明,2013,1291.71,7705.66,1211.2,1211.2
昆明,2014,1492.62,8772.72,1289.37,1289.37
昆明,2015,1451.31,9200.41,1305.03,1305.03
昆明,2016,1530.5,9518.45,1520.87,1520.87
昆明,2017,1683.33,10090.2,1827.25,1827.25
昆明,2018,1839.79,10293.44,1909.72,1909.72
昆明,2019,2096.25,12236.93,1916.23,1916.23
昆明,2020,2263.71,11359.07,1878.8,1878.8
昆明,2021,2149.06,12826.85,1297.56,1297.56
昆明,2022,1487.0,12051.99,822.5,822.5
昆明,2023,634.26,10361.0,749.49,749.49
昆明,2024,492.74,8558.41,639.02,639.02
昆明,2025,1225.9328978978979,7185.677624060149,1218.4490075187969,1218.4490075187969
杭州,2006,442.65,4548.46,761.76,761.76
杭州,2007,518.79,4775.62,1150.28,1150.28
杭州,2008,615.41,4987.39,775.02,775.02
杭州,2009,704.68,5140.8,1456.38,1456.38
杭州,2010,956.2,6227.05,988.34,988.34
杭州,2011,1201.51,7709.15,738.04,738.04
杭州,2012,1597.36,8288.95,1089.62,1089.62
杭州,2013,1853.28,9327.52,1139.13,1139.13
杭州,2014,2301.98,10506.53,1122.91,1122.91
杭州,2015,2472.6,11145.9,1482.17,1482.17
杭州,2016,2606.41,11567.82,2327.86,2327.86
杭州,2017,2734.2,11527.37,2054.11,2054.11
杭州,2018,3068.9,11755.16,1675.98,1675.98
杭州,2019,3396.75,12000.92,1513.62,1513.62
杭州,2020,3575.33,13315.09,1699.34,1699.34
杭州,2021,3628.33,13291.26,2236.25,2236.25
杭州,2022,3889.1,13281.27,1393.66,1393.66
杭州,2023,4400.69,14362.92,1447.34,1447.34
杭州,2024,4222.17,13399.9,1038.06,1038.06
杭州,2025,1225.9328978978979,7185.677624060149,1218.4490075187969,1218.4490075187969
武汉,2006,366.15,2876.92,960.88,960.88
武汉,2007,459.75,3195.41,1135.41,1135.41
武汉,2008,560.36,3798.3,732.07,732.07
武汉,2009,778.59,4487.38,1086.99,1086.99
武汉,2010,1017.4,5055.86,1211.71,1211.71
武汉,2011,1282.25,5994.11,1329.34,1329.34
武汉,2012,1574.86,6862.97,1576.11,1576.11
武汉,2013,1905.6,8545.13,1995.36,1995.36
武汉,2014,2353.63,10238.43,2273.16,2273.16
武汉,2015,2581.79,11062.52,2627.19,2627.19
武汉,2016,2517.44,11803.1,3255.66,3255.66
武汉,2017,2686.34,11912.98,3532.61,3532.61
武汉,2018,2780.01,11759.79,3646.94,3646.94
武汉,2019,2966.21,13556.46,3332.34,3332.34
武汉,2020,2777.15,15565.89,2646.37,2646.37
武汉,2021,3254.62,16251.62,2759.39,2759.39
武汉,2022,3366.79,15842.6,2122.34,2122.34
武汉,2023,3446.88,14456.27,1972.96,1972.96
武汉,2024,3332.08,14437.71,1998.3,1998.3
武汉,2025,1225.9328978978979,7185.677624060149,1218.4490075187969,1218.4490075187969
沈阳,2006,538.29,3455.96,1243.79,1243.79
沈阳,2007,730.36,5019.85,1462.04,1462.04
沈阳,2008,1010.91,5848.51,1465.05,1465.05
沈阳,2009,1188.7,6847.89,1532.93,1532.93
沈阳,2010,1450.08,8851.45,1746.52,1746.52
沈阳,2011,1684.72,10201.28,2165.17,2165.17
沈阳,2012,1942.96,11002.63,2469.65,2469.65
沈阳,2013,2184.01,11568.29,2262.33,2262.33
沈阳,2014,1975.82,11495.78,1498.4,1498.4
沈阳,2015,1337.66,8341.31,1065.06,1065.06
沈阳,2016,709.67,7058.07,1184.32,1184.32
沈阳,2017,814.24,6967.08,1300.24,1300.24
沈阳,2018,996.72,6525.79,1354.82,1354.82
沈阳,2019,1174.8,6626.56,1453.53,1453.53
沈阳,2020,1235.89,7111.84,1381.32,1381.32
沈阳,2021,1222.61,8120.52,1092.7,1092.7
沈阳,2022,940.31,6901.03,648.89,648.89
沈阳,2023,610.86,6061.97,530.33,530.33
沈阳,2024,510.47,4916.06,522.57,522.57
沈阳,2025,1225.9328978978979,7185.677624060149,1218.4490075187969,1218.4490075187969
济南,2006,160.05,1071.07,284.66,284.66
济南,2007,193.21,1219.5,320.24,320.24
济南,2008,274.12,1616.94,371.16,371.16
济南,2009,332.56,2131.75,441.06,441.06
济南,2010,484.5,2363.53,531.49,531.49
济南,2011,528.92,3506.34,596.17,596.17
济南,2012,664.01,3819.44,659.56,659.56
济南,2013,721.77,4815.08,822.63,822.63
济南,2014,917.54,5265.66,865.35,865.35
济南,2015,1014.4,6633.99,1192.12,1192.12
济南,2016,1163.94,7920.35,1425.29,1425.29
济南,2017,1232.63,8014.94,1216.27,1216.27
济南,2018,1370.43,9117.03,1236.3,1236.3
济南,2019,1489.38,9431.52,1151.0,1151.0
济南,2020,1707.63,10353.04,1335.75,1335.75
济南,2021,1928.0,10156.54,1548.2,1548.2
济南,2022,1830.8,8678.88,1241.95,1241.95
济南,2023,1489.24,8137.75,1170.22,1170.22
济南,2024,1557.55,8042.65,1036.28,1036.28
济南,2025,1225.9328978978979,7185.677624060149,1218.4490075187969,1218.4490075187969
海口,2006,50.47,710.92,141.64,141.64
海口,2007,59.97,686.75,170.46,170.46
海口,2008,76.17,687.73,176.29,176.29
海口,2009,78.44,675.61,191.78,191.78
海口,2010,103.79,874.24,209.76,209.76
海口,2011,144.64,1180.51,221.8,221.8
海口,2012,175.66,1591.47,266.95,266.95
海口,2013,256.4,1805.89,338.19,338.19
海口,2014,300.47,2252.04,337.66,337.66
海口,2015,456.39,2571.66,373.4,373.4
海口,2016,551.09,3081.9,432.71,432.71
海口,2017,603.25,3336.61,549.59,549.59
海口,2018,609.42,3337.73,393.32,393.32
海口,2019,480.73,3439.31,440.56,440.56
海口,2020,443.67,3370.64,463.74,463.74
海口,2021,452.45,3369.06,484.6,484.6
海口,2022,438.09,3542.17,269.44,269.44
海口,2023,482.25,3810.5,325.79,325.79
海口,2024,442.7,3087.01,381.19,381.19
海口,2025,1225.9328978978979,7185.677624060149,1218.4490075187969,1218.4490075187969
深圳,2006,462.09,3122.1,749.08,749.08
深圳,2007,461.04,3149.56,555.11,555.11
深圳,2008,440.49,3272.12,466.71,466.71
深圳,2009,437.46,3112.36,762.15,762.15
深圳,2010,458.47,2939.94,465.59,465.59
深圳,2011,514.74,2875.98,496.89,496.89
深圳,2012,736.84,3216.69,525.83,525.83
深圳,2013,876.9,4003.49,588.58,588.58
深圳,2014,1069.49,4492.18,532.57,532.57
深圳,2015,1331.03,4978.41,831.46,831.46
深圳,2016,1756.52,5173.99,736.19,736.19
深圳,2017,2130.86,5676.07,671.03,671.03
深圳,2018,2640.71,6747.69,722.01,722.01
深圳,2019,3041.65,7907.85,806.56,806.56
深圳,2020,3537.84,9537.94,908.8,908.8
深圳,2021,2979.08,10319.29,799.59,799.59
深圳,2022,3391.54,10774.8,679.11,679.11
深圳,2023,3787.46,10995.05,762.0,762.0
深圳,2024,3219.45,9850.79,828.67,828.67
深圳,2025,1225.9328978978979,7185.677624060149,1218.4490075187969,1218.4490075187969
石家庄,2006,132.15,960.52,303.53,303.53
石家庄,2007,197.54,921.72,393.58,393.58
石家庄,2008,280.4,1571.47,338.86,338.86
石家庄,2009,378.22,2345.33,349.76,349.76
石家庄,2010,538.0,4251.48,469.31,469.31
石家庄,2011,789.14,4964.46,922.24,922.24
石家庄,2012,833.21,4677.18,768.73,768.73
石家庄,2013,928.15,5200.29,951.21,951.21
石家庄,2014,1025.33,4967.87,888.26,888.26
石家庄,2015,965.13,4083.9,757.82,757.82
石家庄,2016,1015.77,3963.23,798.42,798.42
石家庄,2017,1212.27,4242.72,1027.34,1027.34
石家庄,2018,1010.71,3713.92,844.69,844.69
石家庄,2019,887.64,3891.35,782.28,782.28
石家庄,2020,926.49,3702.6,656.26,656.26
石家庄,2021,951.32,4543.16,720.29,720.29
石家庄,2022,767.2,4338.26,606.06,606.06
石家庄,2023,521.01,3806.5,586.75,586.75
石家庄,2024,516.11,3427.73,490.5,490.5
石家庄,2025,1225.9328978978979,7185.677624060149,1218.4490075187969,1218.4490075187969
福州,2006,296.78,2126.41,664.58,664.58
福州,2007,376.47,2431.91,645.63,645.63
福州,2008,313.61,2520.39,370.66,370.66
福州,2009,361.8,2626.72,690.13,690.13
福州,2010,670.69,3599.46,597.8,597.8
福州,2011,963.41,4939.0,621.04,621.04
福州,2012,972.27,5704.68,841.5,841.5
福州,2013,1264.79,6871.04,1256.49,1256.49
福州,2014,1455.07,7598.91,965.6,965.6
福州,2015,1381.12,7800.01,914.7,914.7
福州,2016,1679.44,7760.77,1221.33,1221.33
福州,2017,1694.18,7947.59,1685.46,1685.46
福州,2018,1439.68,7921.37,1711.05,1711.05
福州,2019,1812.77,8480.51,1708.19,1708.19
福州,2020,2070.23,8662.6,1888.1,1888.1
福州,2021,2248.81,8427.23,2138.49,2138.49
福州,2022,1663.87,7478.88,1419.7,1419.7
福州,2023,1085.97,6152.58,877.41,877.41
福州,2024,944.55,4717.68,739.15,739.15
福州,2025,1225.9328978978979,7185.677624060149,1218.4490075187969,1218.4490075187969
西宁,2006,29.38,418.09,106.44,106.44
西宁,2007,31.6,537.13,139.55,139.55
西宁,2008,45.39,587.96,108.31,108.31
西宁,2009,63.84,723.64,154.68,154.68
西宁,2010,95.4,1146.0,217.1,217.1
西宁,2011,118.55,1284.27,265.61,265.61
西宁,2012,160.14,1479.95,177.04,177.04
西宁,2013,195.58,1840.4,277.8,277.8
西宁,2014,246.86,1808.27,305.71,305.71
西宁,2015,280.43,1893.55,311.86,311.86
西宁,2016,316.5,2146.77,352.6,352.6
西宁,2017,351.33,2235.27,388.22,388.22
西宁,2018,292.25,1875.88,332.22,332.22
西宁,2019,290.99,2084.14,321.24,321.24
西宁,2020,270.4,1824.51,298.97,298.97
西宁,2021,265.78,2036.39,226.64,226.64
西宁,2022,169.93,2009.58,100.21,100.21
西宁,2023,113.17,1909.76,106.15,106.15
西宁,2024,91.95,1539.89,104.57,104.57
西宁,2025,1225.9328978978979,7185.677624060149,1218.4490075187969,1218.4490075187969
西安,2006,285.76,2383.56,621.5,621.5
西安,2007,387.33,2915.95,833.92,833.92
西安,2008,545.71,3653.24,767.23,767.23
西安,2009,694.23,5683.31,1256.02,1256.02
西安,2010,842.34,6697.39,1587.81,1587.81
西安,2011,996.12,8238.88,1768.52,1768.52
西安,2012,1269.93,9893.11,1532.9,1532.9
西安,2013,1572.65,10297.63,1632.85,1632.85
西安,2014,1742.28,12332.19,1696.39,1696.39
西安,2015,1820.85,13332.63,1762.7,1762.7
西安,2016,1955.82,14686.85,2036.18,2036.18
西安,2017,2234.84,15408.82,2459.35,2459.35
西安,2018,2213.68,15238.05,2621.72,2621.72
西安,2019,2008.3,15870.82,2375.41,2375.41
西安,2020,2064.63,14472.23,2081.48,2081.48
西安,2021,1975.28,14452.47,1492.92,1492.92
西安,2022,2061.85,13735.56,1382.76,1382.76
西安,2023,2052.03,13712.3,1265.33,1265.33
西安,2024,2144.76,13117.8,1208.31,1208.31
西安,2025,1225.9328978978979,7185.677624060149,1218.4490075187969,1218.4490075187969
贵阳,2006,107.69,1574.11,387.72,387.72
贵阳,2007,135.44,1936.54,439.28,439.28
贵阳,2008,170.11,2481.99,411.93,411.93
贵阳,2009,210.32,3094.2,818.22,818.22
贵阳,2010,310.47,3985.99,801.56,801.56
贵阳,2011,460.49,4596.2,807.53,807.53
贵阳,2012,901.03,5664.1,1023.84,1023.84
贵阳,2013,978.02,6467.52,1282.01,1282.01
贵阳,2014,1010.38,6815.79,935.55,935.55
贵阳,2015,1001.03,6847.81,959.55,959.55
贵阳,2016,927.32,6086.75,981.87,981.87
贵阳,2017,1024.09,5790.77,1068.67,1068.67
贵阳,2018,985.26,6058.28,1114.56,1114.56
贵阳,2019,1175.37,7961.95,1099.27,1099.27
贵阳,2020,1291.37,7875.4,1235.75,1235.75
贵阳,2021,1120.05,8178.96,1407.55,1407.55
贵阳,2022,753.02,7504.29,829.14,829.14
贵阳,2023,417.78,6930.79,478.21,478.21
贵阳,2024,437.48,5879.2,507.07,507.07
贵阳,2025,1225.9328978978979,7185.677624060149,1218.4490075187969,1218.4490075187969
郑州,2006,229.89,2665.29,800.82,800.82
郑州,2007,298.76,3684.36,1097.9,1097.9
郑州,2008,434.96,4855.18,736.85,736.85
郑州,2009,512.32,5196.5,1197.1,1197.1
郑州,2010,775.16,6255.29,1558.72,1558.72
郑州,2011,926.31,7472.19,1563.22,1563.22
郑州,2012,1095.14,8253.94,1441.87,1441.87
郑州,2013,1445.33,9721.23,1621.89,1621.89
郑州,2014,1743.51,10574.15,1591.91,1591.91
郑州,2015,2000.2,10818.24,1898.67,1898.67
郑州,2016,2778.95,14229.97,2859.18,2859.18
郑州,2017,3358.84,16394.83,3097.81,3097.81
郑州,2018,3258.41,18643.11,3712.11,3712.11
郑州,2019,3349.86,19583.6,3593.27,3593.27
郑州,2020,3428.78,19444.77,3426.06,3426.06
郑州,2021,3088.88,20503.04,2699.38,2699.38
郑州,2022,2158.59,18651.25,1999.36,1999.36
郑州,2023,1863.87,17151.32,2027.8,2027.8
郑州,2024,1864.33,14890.09,1908.95,1908.95
郑州,2025,1225.9328978978979,7185.677624060149,1218.4490075187969,1218.4490075187969
重庆,2006,629.67,8864.37,2228.46,2228.46
重庆,2007,849.9,10578.84,3552.92,3552.92
重庆,2008,991.0,11639.27,2872.19,2872.19
重庆,2009,1238.91,13052.6,4002.89,4002.89
重庆,2010,1620.26,17138.5,4314.39,4314.39
重庆,2011,2015.1,20397.24,4533.5,4533.5
重庆,2012,2508.35,22009.03,4522.4,4522.4
重庆,2013,3012.78,26251.89,4817.56,4817.56
重庆,2014,3630.23,28623.93,5100.39,5100.39
重庆,2015,3751.28,28985.67,5381.37,5381.37
重庆,2016,3725.95,27363.39,6257.15,6257.15
重庆,2017,3980.08,25960.99,6711.0,6711.0
重庆,2018,4248.76,27226.56,6536.25,6536.25
重庆,2019,4439.3,27986.64,6104.68,6104.68
重庆,2020,4351.96,27368.16,6143.47,6143.47
重庆,2021,4354.96,26893.17,6197.71,6197.71
重庆,2022,3216.87,22646.9,4142.92,4142.92
重庆,2023,2796.71,20497.57,3557.25,3557.25
重庆,2024,2565.79,17107.13,2980.17,2980.17
重庆,2025,1225.9328978978979,7185.677624060149,1218.4490075187969,1218.4490075187969
银川,2006,57.68,776.62,239.99,239.99
银川,2007,62.72,836.94,335.97,335.97
银川,2008,78.62,1034.02,307.73,307.73
银川,2009,99.96,1283.9,511.43,511.43
银川,2010,172.13,1886.78,590.04,590.04
银川,2011,214.78,2460.14,489.03,489.03
银川,2012,275.7,2948.53,450.26,450.26
银川,2013,330.81,3522.66,612.11,612.11
银川,2014,388.9,4208.92,724.59,724.59
银川,2015,409.17,4231.36,529.81,529.81
银川,2016,474.94,4272.83,564.86,564.86
银川,2017,402.82,4144.19,595.22,595.22
银川,2018,295.25,3795.57,612.83,612.83
银川,2019,275.35,3799.45,679.38,679.38
银川,2020,311.43,3756.64,751.75,751.75
银川,2021,325.79,3704.85,641.57,641.57
银川,2022,273.8,3320.35,403.71,403.71
银川,2023,266.42,3094.76,350.85,350.85
银川,2024,253.24,2404.75,262.76,262.76
银川,2025,1225.9328978978979,7185.677624060149,1218.4490075187969,1218.4490075187969
长春,2006,171.84,1365.52,408.25,408.25
长春,2007,259.5,2012.6,513.77,513.77
长春,2008,352.89,2202.34,570.64,570.64
长春,2009,443.93,2377.1,715.72,715.72
长春,2010,542.76,3089.42,863.08,863.08
长春,2011,666.42,4075.84,879.14,879.14
长春,2012,649.65,5123.72,908.0,908.0
长春,2013,611.78,5628.42,847.06,847.06
长春,2014,532.57,6058.49,758.84,758.84
长春,2015,501.32,6122.45,799.12,799.12
长春,2016,596.65,6522.22,1017.75,1017.75
长春,2017,573.78,6687.31,1147.19,1147.19
长春,2018,778.63,7216.32,1288.44,1288.44
长春,2019,876.79,7551.8,1342.37,1342.37
长春,2020,996.07,7614.3,1054.41,1054.41
长春,2021,1052.34,8496.34,1027.25,1027.25
长春,2022,661.96,7201.86,540.77,540.77
长春,2023,551.16,6409.17,570.74,570.74
长春,2024,412.51,6208.31,530.41,530.41
长春,2025,1225.9328978978979,7185.677624060149,1218.4490075187969,1218.4490075187969
长沙,2006,303.86,2652.29,741.69,741.69
长沙,2007,407.05,3256.99,978.56,978.56
长沙,2008,493.27,4321.32,858.74,858.74
长沙,2009,497.35,6167.29,1406.58,1406.58
长沙,2010,684.1,6688.87,1680.21,1680.21
长沙,2011,926.01,7578.44,1508.18,1508.18
长沙,2012,1034.35,7376.26,1526.93,1526.93
长沙,2013,1157.63,8696.54,1861.56,1861.56
长沙,2014,1313.62,9688.6,1518.47,1518.47
长沙,2015,1006.84,9304.76,1907.91,1907.91
长沙,2016,1260.55,9679.47,2613.26,2613.26
长沙,2017,1493.44,9814.09,2260.79,2260.79
长沙,2018,1508.72,10702.85,2386.74,2386.74
长沙,2019,1672.96,11878.61,2335.15,2335.15
长沙,2020,1869.88,12746.11,2377.43,2377.43
长沙,2021,2236.88,12958.76,2606.17,2606.17
长沙,2022,2281.48,11720.07,1699.36,1699.36
长沙,2023,1888.7,9763.72,1556.78,1556.78
长沙,2024,1712.98,8240.56,1356.8,1356.8
长沙,2025,1225.9328978978979,7185.677624060149,1218.4490075187969,1218.4490075187969
青岛,2006,268.36,2751.19,718.41,718.41
青岛,2007,322.35,3223.76,833.29,833.29
青岛,2008,380.57,3772.74,770.3,770.3
青岛,2009,459.48,4309.94,1261.86,1261.86
青岛,2010,602.44,5058.4,1360.69,1360.69
青岛,2011,785.82,5698.84,1029.91,1029.91
青岛,2012,932.1,6497.69,950.92,950.92
青岛,2013,1048.52,7072.55,1160.16,1160.16
青岛,2014,1117.73,8170.67,1163.53,1163.53
青岛,2015,1122.35,8971.23,1418.58,1418.58
青岛,2016,1369.14,9100.73,1939.22,1939.22
青岛,2017,1330.54,9532.69,1900.74,1900.74
青岛,2018,1485.21,10390.38,1808.02,1808.02
青岛,2019,1803.81,11579.57,1651.83,1651.83
青岛,2020,2045.12,12528.4,1653.59,1653.59
青岛,2021,1982.34,13022.24,1644.52,1644.52
青岛,2022,1789.87,12056.28,1563.73,1563.73
青岛,2023,1729.32,10443.78,1454.85,1454.85
青岛,2024,1511.79,8130.43,1193.94,1193.94
青岛,2025,1225.9328978978979,7185.677624060149,1218.4490075187969,1218.4490075187969
